{
  "fio version" : "fio-3.39",
  "timestamp" : 1759360894,
  "timestamp_ms" : 1759360894681,
  "time" : "Wed Oct  1 19:21:34 2025",
  "jobs" : [
    {
      "jobname" : "baseline_randread_128k",
      "groupid" : 0,
      "job_start" : 1759360864532,
      "error" : 0,
      "eta" : 0,
      "elapsed" : 31,
      "job options" : {
        "name" : "baseline_randread_128k",
        "filename" : "testfile",
        "rw" : "randread",
        "bs" : "128k",
        "ioengine" : "libaio",
        "iodepth" : "1",
        "direct" : "1",
        "size" : "10G",
        "runtime" : "30",
        "numjobs" : "1",
        "time_based" : "",
        "group_reporting" : ""
      },
      "read" : {
        "io_bytes" : 34386608128,
        "io_kbytes" : 33580672,
        "bw_bytes" : 1146182064,
        "bw" : 1119318,
        "iops" : 8744.675177,
        "runtime" : 30001,
        "total_ios" : 262349,
        "short_ios" : 0,
        "drop_ios" : 0,
        "slat_ns" : {
          "min" : 6740,
          "max" : 89519,
          "mean" : 6947.814042,
          "stddev" : 451.210403,
          "N" : 262349
        },
        "clat_ns" : {
          "min" : 83010,
          "max" : 8412940,
          "mean" : 107161.303073,
          "stddev" : 19363.195250,
          "N" : 262349,
          "percentile" : {
            "1.000000" : 88576,
            "5.000000" : 89600,
            "10.000000" : 89600,
            "20.000000" : 90624,
            "30.000000" : 109056,
            "40.000000" : 110080,
            "50.000000" : 110080,
            "60.000000" : 111104,
            "70.000000" : 112128,
            "80.000000" : 115200,
            "90.000000" : 115200,
            "95.000000" : 115200,
            "99.000000" : 117248,
            "99.500000" : 119296,
            "99.900000" : 140288,
            "99.950000" : 177152,
            "99.990000" : 254976
          }
        },
        "lat_ns" : {
          "min" : 90889,
          "max" : 8502459,
          "mean" : 114109.117115,
          "stddev" : 19503.951975,
          "N" : 262349
        },
        "bw_min" : 1099008,
        "bw_max" : 1126144,
        "bw_agg" : 100.000000,
        "bw_mean" : 1119355.733333,
        "bw_dev" : 4392.392676,
        "bw_samples" : 60,
        "iops_min" : 8586,
        "iops_max" : 8798,
        "iops_mean" : 8744.966667,
        "iops_stddev" : 34.315568,
        "iops_samples" : 60
      },
      "write" : {
        "io_bytes" : 0,
        "io_kbytes" : 0,
        "bw_bytes" : 0,
        "bw" : 0,
        "iops" : 0.000000,
        "runtime" : 0,
        "total_ios" : 0,
        "short_ios" : 0,
        "drop_ios" : 0,
        "slat_ns" : {
          "min" : 0,
          "max" : 0,
          "mean" : 0.000000,
          "stddev" : 0.000000,
          "N" : 0
        },
        "clat_ns" : {
          "min" : 0,
          "max" : 0,
          "mean" : 0.000000,
          "stddev" : 0.000000,
          "N" : 0
        },
        "lat_ns" : {
          "min" : 0,
          "max" : 0,
          "mean" : 0.000000,
          "stddev" : 0.000000,
          "N" : 0
        },
        "bw_min" : 0,
        "bw_max" : 0,
        "bw_agg" : 0.000000,
        "bw_mean" : 0.000000,
        "bw_dev" : 0.000000,
        "bw_samples" : 0,
        "iops_min" : 0,
        "iops_max" : 0,
        "iops_mean" : 0.000000,
        "iops_stddev" : 0.000000,
        "iops_samples" : 0
      },
      "trim" : {
        "io_bytes" : 0,
        "io_kbytes" : 0,
        "bw_bytes" : 0,
        "bw" : 0,
        "iops" : 0.000000,
        "runtime" : 0,
        "total_ios" : 0,
        "short_ios" : 0,
        "drop_ios" : 0,
        "slat_ns" : {
          "min" : 0,
          "max" : 0,
          "mean" : 0.000000,
          "stddev" : 0.000000,
          "N" : 0
        },
        "clat_ns" : {
          "min" : 0,
          "max" : 0,
          "mean" : 0.000000,
          "stddev" : 0.000000,
          "N" : 0
        },
        "lat_ns" : {
          "min" : 0,
          "max" : 0,
          "mean" : 0.000000,
          "stddev" : 0.000000,
          "N" : 0
        },
        "bw_min" : 0,
        "bw_max" : 0,
        "bw_agg" : 0.000000,
        "bw_mean" : 0.000000,
        "bw_dev" : 0.000000,
        "bw_samples" : 0,
        "iops_min" : 0,
        "iops_max" : 0,
        "iops_mean" : 0.000000,
        "iops_stddev" : 0.000000,
        "iops_samples" : 0
      },
      "sync" : {
        "total_ios" : 0,
        "lat_ns" : {
          "min" : 0,
          "max" : 0,
          "mean" : 0.000000,
          "stddev" : 0.000000,
          "N" : 0
        }
      },
      "job_runtime" : 30000,
      "usr_cpu" : 0.346667,
      "sys_cpu" : 6.196667,
      "ctx" : 262356,
      "majf" : 0,
      "minf" : 43,
      "iodepth_level" : {
        "1" : 100.000000,
        "2" : 0.000000,
        "4" : 0.000000,
        "8" : 0.000000,
        "16" : 0.000000,
        "32" : 0.000000,
        ">=64" : 0.000000
      },
      "iodepth_submit" : {
        "0" : 0.000000,
        "4" : 100.000000,
        "8" : 0.000000,
        "16" : 0.000000,
        "32" : 0.000000,
        "64" : 0.000000,
        ">=64" : 0.000000
      },
      "iodepth_complete" : {
        "0" : 0.000000,
        "4" : 100.000000,
        "8" : 0.000000,
        "16" : 0.000000,
        "32" : 0.000000,
        "64" : 0.000000,
        ">=64" : 0.000000
      },
      "latency_ns" : {
        "2" : 0.000000,
        "4" : 0.000000,
        "10" : 0.000000,
        "20" : 0.000000,
        "50" : 0.000000,
        "100" : 0.000000,
        "250" : 0.000000,
        "500" : 0.000000,
        "750" : 0.000000,
        "1000" : 0.000000
      },
      "latency_us" : {
        "2" : 0.000000,
        "4" : 0.000000,
        "10" : 0.000000,
        "20" : 0.000000,
        "50" : 0.000000,
        "100" : 22.048493,
        "250" : 77.940453,
        "500" : 0.010000,
        "750" : 0.010000,
        "1000" : 0.010000
      },
      "latency_ms" : {
        "2" : 0.000000,
        "4" : 0.000000,
        "10" : 0.010000,
        "20" : 0.000000,
        "50" : 0.000000,
        "100" : 0.000000,
        "250" : 0.000000,
        "500" : 0.000000,
        "750" : 0.000000,
        "1000" : 0.000000,
        "2000" : 0.000000,
        ">=2000" : 0.000000
      },
      "latency_depth" : 1,
      "latency_target" : 0,
      "latency_percentile" : 100.000000,
      "latency_window" : 0
    }
  ],
  "disk_util" : [
    {
      "name" : "nvme0n1",
      "read_ios" : 261463,
      "write_ios" : 18,
      "read_sectors" : 66934528,
      "write_sectors" : 280,
      "read_merges" : 0,
      "write_merges" : 17,
      "read_ticks" : 27927,
      "write_ticks" : 27,
      "in_queue" : 27960,
      "util" : 93.881906
    }
  ]
}
