{
  "fio version" : "fio-3.39",
  "timestamp" : 1759360985,
  "timestamp_ms" : 1759360985858,
  "time" : "Wed Oct  1 19:23:05 2025",
  "jobs" : [
    {
      "jobname" : "baseline_read_4k",
      "groupid" : 0,
      "job_start" : 1759360955710,
      "error" : 0,
      "eta" : 0,
      "elapsed" : 31,
      "job options" : {
        "name" : "baseline_read_4k",
        "filename" : "testfile",
        "rw" : "read",
        "bs" : "4k",
        "ioengine" : "libaio",
        "iodepth" : "1",
        "direct" : "1",
        "size" : "10G",
        "runtime" : "30",
        "numjobs" : "1",
        "time_based" : "",
        "group_reporting" : ""
      },
      "read" : {
        "io_bytes" : 9872293888,
        "io_kbytes" : 9640912,
        "bw_bytes" : 329065494,
        "bw" : 321353,
        "iops" : 80338.255391,
        "runtime" : 30001,
        "total_ios" : 2410228,
        "short_ios" : 0,
        "drop_ios" : 0,
        "slat_ns" : {
          "min" : 1779,
          "max" : 36139,
          "mean" : 1853.259145,
          "stddev" : 201.149255,
          "N" : 2410228
        },
        "clat_ns" : {
          "min" : 380,
          "max" : 3612243,
          "mean" : 10417.059730,
          "stddev" : 6931.210873,
          "N" : 2410228,
          "percentile" : {
            "1.000000" : 9920,
            "5.000000" : 9920,
            "10.000000" : 9920,
            "20.000000" : 9920,
            "30.000000" : 9920,
            "40.000000" : 9920,
            "50.000000" : 10048,
            "60.000000" : 10048,
            "70.000000" : 10048,
            "80.000000" : 10176,
            "90.000000" : 10304,
            "95.000000" : 10560,
            "99.000000" : 17280,
            "99.500000" : 23424,
            "99.900000" : 59136,
            "99.950000" : 59136,
            "99.990000" : 65280
          }
        },
        "lat_ns" : {
          "min" : 9750,
          "max" : 3614223,
          "mean" : 12270.318875,
          "stddev" : 6945.227416,
          "N" : 2410228
        },
        "bw_min" : 297272,
        "bw_max" : 328040,
        "bw_agg" : 100.000000,
        "bw_mean" : 321363.600000,
        "bw_dev" : 5747.889986,
        "bw_samples" : 60,
        "iops_min" : 74318,
        "iops_max" : 82010,
        "iops_mean" : 80340.933333,
        "iops_stddev" : 1436.991182,
        "iops_samples" : 60
      },
      "write" : {
        "io_bytes" : 0,
        "io_kbytes" : 0,
        "bw_bytes" : 0,
        "bw" : 0,
        "iops" : 0.000000,
        "runtime" : 0,
        "total_ios" : 0,
        "short_ios" : 0,
        "drop_ios" : 0,
        "slat_ns" : {
          "min" : 0,
          "max" : 0,
          "mean" : 0.000000,
          "stddev" : 0.000000,
          "N" : 0
        },
        "clat_ns" : {
          "min" : 0,
          "max" : 0,
          "mean" : 0.000000,
          "stddev" : 0.000000,
          "N" : 0
        },
        "lat_ns" : {
          "min" : 0,
          "max" : 0,
          "mean" : 0.000000,
          "stddev" : 0.000000,
          "N" : 0
        },
        "bw_min" : 0,
        "bw_max" : 0,
        "bw_agg" : 0.000000,
        "bw_mean" : 0.000000,
        "bw_dev" : 0.000000,
        "bw_samples" : 0,
        "iops_min" : 0,
        "iops_max" : 0,
        "iops_mean" : 0.000000,
        "iops_stddev" : 0.000000,
        "iops_samples" : 0
      },
      "trim" : {
        "io_bytes" : 0,
        "io_kbytes" : 0,
        "bw_bytes" : 0,
        "bw" : 0,
        "iops" : 0.000000,
        "runtime" : 0,
        "total_ios" : 0,
        "short_ios" : 0,
        "drop_ios" : 0,
        "slat_ns" : {
          "min" : 0,
          "max" : 0,
          "mean" : 0.000000,
          "stddev" : 0.000000,
          "N" : 0
        },
        "clat_ns" : {
          "min" : 0,
          "max" : 0,
          "mean" : 0.000000,
          "stddev" : 0.000000,
          "N" : 0
        },
        "lat_ns" : {
          "min" : 0,
          "max" : 0,
          "mean" : 0.000000,
          "stddev" : 0.000000,
          "N" : 0
        },
        "bw_min" : 0,
        "bw_max" : 0,
        "bw_agg" : 0.000000,
        "bw_mean" : 0.000000,
        "bw_dev" : 0.000000,
        "bw_samples" : 0,
        "iops_min" : 0,
        "iops_max" : 0,
        "iops_mean" : 0.000000,
        "iops_stddev" : 0.000000,
        "iops_samples" : 0
      },
      "sync" : {
        "total_ios" : 0,
        "lat_ns" : {
          "min" : 0,
          "max" : 0,
          "mean" : 0.000000,
          "stddev" : 0.000000,
          "N" : 0
        }
      },
      "job_runtime" : 30000,
      "usr_cpu" : 4.940000,
      "sys_cpu" : 16.963333,
      "ctx" : 2410529,
      "majf" : 0,
      "minf" : 10,
      "iodepth_level" : {
        "1" : 100.000000,
        "2" : 0.000000,
        "4" : 0.000000,
        "8" : 0.000000,
        "16" : 0.000000,
        "32" : 0.000000,
        ">=64" : 0.000000
      },
      "iodepth_submit" : {
        "0" : 0.000000,
        "4" : 100.000000,
        "8" : 0.000000,
        "16" : 0.000000,
        "32" : 0.000000,
        "64" : 0.000000,
        ">=64" : 0.000000
      },
      "iodepth_complete" : {
        "0" : 0.000000,
        "4" : 100.000000,
        "8" : 0.000000,
        "16" : 0.000000,
        "32" : 0.000000,
        "64" : 0.000000,
        ">=64" : 0.000000
      },
      "latency_ns" : {
        "2" : 0.000000,
        "4" : 0.000000,
        "10" : 0.000000,
        "20" : 0.000000,
        "50" : 0.000000,
        "100" : 0.000000,
        "250" : 0.000000,
        "500" : 0.010000,
        "750" : 0.010000,
        "1000" : 0.010000
      },
      "latency_us" : {
        "2" : 0.010000,
        "4" : 0.010000,
        "10" : 46.121363,
        "20" : 52.950302,
        "50" : 0.470785,
        "100" : 0.452571,
        "250" : 0.010000,
        "500" : 0.010000,
        "750" : 0.010000,
        "1000" : 0.010000
      },
      "latency_ms" : {
        "2" : 0.010000,
        "4" : 0.010000,
        "10" : 0.000000,
        "20" : 0.000000,
        "50" : 0.000000,
        "100" : 0.000000,
        "250" : 0.000000,
        "500" : 0.000000,
        "750" : 0.000000,
        "1000" : 0.000000,
        "2000" : 0.000000,
        ">=2000" : 0.000000
      },
      "latency_depth" : 1,
      "latency_target" : 0,
      "latency_percentile" : 100.000000,
      "latency_window" : 0
    }
  ],
  "disk_util" : [
    {
      "name" : "nvme0n1",
      "read_ios" : 2402446,
      "write_ios" : 42,
      "read_sectors" : 19219568,
      "write_sectors" : 1104,
      "read_merges" : 0,
      "write_merges" : 35,
      "read_ticks" : 20748,
      "write_ticks" : 39,
      "in_queue" : 20799,
      "util" : 65.224060
    }
  ]
}
