{
  "fio version" : "fio-3.39",
  "timestamp" : 1759360864,
  "timestamp_ms" : 1759360864288,
  "time" : "Wed Oct  1 19:21:04 2025",
  "jobs" : [
    {
      "jobname" : "baseline_randread_4k",
      "groupid" : 0,
      "job_start" : 1759360834140,
      "error" : 0,
      "eta" : 0,
      "elapsed" : 31,
      "job options" : {
        "name" : "baseline_randread_4k",
        "filename" : "testfile",
        "rw" : "randread",
        "bs" : "4k",
        "ioengine" : "libaio",
        "iodepth" : "1",
        "direct" : "1",
        "size" : "10G",
        "runtime" : "30",
        "numjobs" : "1",
        "time_based" : "",
        "group_reporting" : ""
      },
      "read" : {
        "io_bytes" : 2368995328,
        "io_kbytes" : 2313472,
        "bw_bytes" : 78963878,
        "bw" : 77113,
        "iops" : 19278.290724,
        "runtime" : 30001,
        "total_ios" : 578368,
        "short_ios" : 0,
        "drop_ios" : 0,
        "slat_ns" : {
          "min" : 1980,
          "max" : 43620,
          "mean" : 2130.199750,
          "stddev" : 244.649953,
          "N" : 578368
        },
        "clat_ns" : {
          "min" : 25370,
          "max" : 8331450,
          "mean" : 49192.470253,
          "stddev" : 11366.768584,
          "N" : 578368,
          "percentile" : {
            "1.000000" : 43264,
            "5.000000" : 46848,
            "10.000000" : 47872,
            "20.000000" : 47872,
            "30.000000" : 48384,
            "40.000000" : 48384,
            "50.000000" : 48896,
            "60.000000" : 49920,
            "70.000000" : 49920,
            "80.000000" : 50432,
            "90.000000" : 50432,
            "95.000000" : 50432,
            "99.000000" : 56064,
            "99.500000" : 59136,
            "99.900000" : 66048,
            "99.950000" : 73216,
            "99.990000" : 156672
          }
        },
        "lat_ns" : {
          "min" : 27730,
          "max" : 8373779,
          "mean" : 51322.670002,
          "stddev" : 11420.309450,
          "N" : 578368
        },
        "bw_min" : 41176,
        "bw_max" : 77912,
        "bw_agg" : 100.000000,
        "bw_mean" : 77115.733333,
        "bw_dev" : 4722.011744,
        "bw_samples" : 60,
        "iops_min" : 10294,
        "iops_max" : 19478,
        "iops_mean" : 19278.933333,
        "iops_stddev" : 1180.502936,
        "iops_samples" : 60
      },
      "write" : {
        "io_bytes" : 0,
        "io_kbytes" : 0,
        "bw_bytes" : 0,
        "bw" : 0,
        "iops" : 0.000000,
        "runtime" : 0,
        "total_ios" : 0,
        "short_ios" : 0,
        "drop_ios" : 0,
        "slat_ns" : {
          "min" : 0,
          "max" : 0,
          "mean" : 0.000000,
          "stddev" : 0.000000,
          "N" : 0
        },
        "clat_ns" : {
          "min" : 0,
          "max" : 0,
          "mean" : 0.000000,
          "stddev" : 0.000000,
          "N" : 0
        },
        "lat_ns" : {
          "min" : 0,
          "max" : 0,
          "mean" : 0.000000,
          "stddev" : 0.000000,
          "N" : 0
        },
        "bw_min" : 0,
        "bw_max" : 0,
        "bw_agg" : 0.000000,
        "bw_mean" : 0.000000,
        "bw_dev" : 0.000000,
        "bw_samples" : 0,
        "iops_min" : 0,
        "iops_max" : 0,
        "iops_mean" : 0.000000,
        "iops_stddev" : 0.000000,
        "iops_samples" : 0
      },
      "trim" : {
        "io_bytes" : 0,
        "io_kbytes" : 0,
        "bw_bytes" : 0,
        "bw" : 0,
        "iops" : 0.000000,
        "runtime" : 0,
        "total_ios" : 0,
        "short_ios" : 0,
        "drop_ios" : 0,
        "slat_ns" : {
          "min" : 0,
          "max" : 0,
          "mean" : 0.000000,
          "stddev" : 0.000000,
          "N" : 0
        },
        "clat_ns" : {
          "min" : 0,
          "max" : 0,
          "mean" : 0.000000,
          "stddev" : 0.000000,
          "N" : 0
        },
        "lat_ns" : {
          "min" : 0,
          "max" : 0,
          "mean" : 0.000000,
          "stddev" : 0.000000,
          "N" : 0
        },
        "bw_min" : 0,
        "bw_max" : 0,
        "bw_agg" : 0.000000,
        "bw_mean" : 0.000000,
        "bw_dev" : 0.000000,
        "bw_samples" : 0,
        "iops_min" : 0,
        "iops_max" : 0,
        "iops_mean" : 0.000000,
        "iops_stddev" : 0.000000,
        "iops_samples" : 0
      },
      "sync" : {
        "total_ios" : 0,
        "lat_ns" : {
          "min" : 0,
          "max" : 0,
          "mean" : 0.000000,
          "stddev" : 0.000000,
          "N" : 0
        }
      },
      "job_runtime" : 30000,
      "usr_cpu" : 0.770000,
      "sys_cpu" : 5.943333,
      "ctx" : 578399,
      "majf" : 0,
      "minf" : 9,
      "iodepth_level" : {
        "1" : 100.000000,
        "2" : 0.000000,
        "4" : 0.000000,
        "8" : 0.000000,
        "16" : 0.000000,
        "32" : 0.000000,
        ">=64" : 0.000000
      },
      "iodepth_submit" : {
        "0" : 0.000000,
        "4" : 100.000000,
        "8" : 0.000000,
        "16" : 0.000000,
        "32" : 0.000000,
        "64" : 0.000000,
        ">=64" : 0.000000
      },
      "iodepth_complete" : {
        "0" : 0.000000,
        "4" : 100.000000,
        "8" : 0.000000,
        "16" : 0.000000,
        "32" : 0.000000,
        "64" : 0.000000,
        ">=64" : 0.000000
      },
      "latency_ns" : {
        "2" : 0.000000,
        "4" : 0.000000,
        "10" : 0.000000,
        "20" : 0.000000,
        "50" : 0.000000,
        "100" : 0.000000,
        "250" : 0.000000,
        "500" : 0.000000,
        "750" : 0.000000,
        "1000" : 0.000000
      },
      "latency_us" : {
        "2" : 0.000000,
        "4" : 0.000000,
        "10" : 0.000000,
        "20" : 0.000000,
        "50" : 62.250678,
        "100" : 37.726499,
        "250" : 0.021613,
        "500" : 0.000000,
        "750" : 0.010000,
        "1000" : 0.000000
      },
      "latency_ms" : {
        "2" : 0.000000,
        "4" : 0.000000,
        "10" : 0.010000,
        "20" : 0.000000,
        "50" : 0.000000,
        "100" : 0.000000,
        "250" : 0.000000,
        "500" : 0.000000,
        "750" : 0.000000,
        "1000" : 0.000000,
        "2000" : 0.000000,
        ">=2000" : 0.000000
      },
      "latency_depth" : 1,
      "latency_target" : 0,
      "latency_percentile" : 100.000000,
      "latency_window" : 0
    }
  ],
  "disk_util" : [
    {
      "name" : "nvme0n1",
      "read_ios" : 576387,
      "write_ios" : 48,
      "read_sectors" : 4611096,
      "write_sectors" : 1000,
      "read_merges" : 0,
      "write_merges" : 18,
      "read_ticks" : 27195,
      "write_ticks" : 20,
      "in_queue" : 27220,
      "util" : 91.401040
    }
  ]
}
