{
  "fio version" : "fio-3.39",
  "timestamp" : 1759360955,
  "timestamp_ms" : 1759360955466,
  "time" : "Wed Oct  1 19:22:35 2025",
  "jobs" : [
    {
      "jobname" : "baseline_randwrite_128k",
      "groupid" : 0,
      "job_start" : 1759360925317,
      "error" : 0,
      "eta" : 0,
      "elapsed" : 31,
      "job options" : {
        "name" : "baseline_randwrite_128k",
        "filename" : "testfile",
        "rw" : "randwrite",
        "bs" : "128k",
        "ioengine" : "libaio",
        "iodepth" : "1",
        "direct" : "1",
        "size" : "10G",
        "runtime" : "30",
        "numjobs" : "1",
        "time_based" : "",
        "group_reporting" : ""
      },
      "read" : {
        "io_bytes" : 0,
        "io_kbytes" : 0,
        "bw_bytes" : 0,
        "bw" : 0,
        "iops" : 0.000000,
        "runtime" : 0,
        "total_ios" : 0,
        "short_ios" : 0,
        "drop_ios" : 0,
        "slat_ns" : {
          "min" : 0,
          "max" : 0,
          "mean" : 0.000000,
          "stddev" : 0.000000,
          "N" : 0
        },
        "clat_ns" : {
          "min" : 0,
          "max" : 0,
          "mean" : 0.000000,
          "stddev" : 0.000000,
          "N" : 0
        },
        "lat_ns" : {
          "min" : 0,
          "max" : 0,
          "mean" : 0.000000,
          "stddev" : 0.000000,
          "N" : 0
        },
        "bw_min" : 0,
        "bw_max" : 0,
        "bw_agg" : 0.000000,
        "bw_mean" : 0.000000,
        "bw_dev" : 0.000000,
        "bw_samples" : 0,
        "iops_min" : 0,
        "iops_max" : 0,
        "iops_mean" : 0.000000,
        "iops_stddev" : 0.000000,
        "iops_samples" : 0
      },
      "write" : {
        "io_bytes" : 71159906304,
        "io_kbytes" : 69492096,
        "bw_bytes" : 2371917812,
        "bw" : 2316325,
        "iops" : 18096.296790,
        "runtime" : 30001,
        "total_ios" : 542907,
        "short_ios" : 0,
        "drop_ios" : 0,
        "slat_ns" : {
          "min" : 5910,
          "max" : 48420,
          "mean" : 6170.620375,
          "stddev" : 479.049586,
          "N" : 542907
        },
        "clat_ns" : {
          "min" : 34110,
          "max" : 7554064,
          "mean" : 48845.840085,
          "stddev" : 42115.333306,
          "N" : 542907,
          "percentile" : {
            "1.000000" : 44800,
            "5.000000" : 48384,
            "10.000000" : 48384,
            "20.000000" : 48384,
            "30.000000" : 48384,
            "40.000000" : 48384,
            "50.000000" : 48384,
            "60.000000" : 48384,
            "70.000000" : 48384,
            "80.000000" : 48384,
            "90.000000" : 48384,
            "95.000000" : 48384,
            "99.000000" : 50944,
            "99.500000" : 52480,
            "99.900000" : 60672,
            "99.950000" : 63744,
            "99.990000" : 3358720
          }
        },
        "lat_ns" : {
          "min" : 45649,
          "max" : 7560044,
          "mean" : 55016.460460,
          "stddev" : 42120.989808,
          "N" : 542907
        },
        "bw_min" : 2287872,
        "bw_max" : 2322688,
        "bw_agg" : 100.000000,
        "bw_mean" : 2316326.666667,
        "bw_dev" : 7711.862319,
        "bw_samples" : 60,
        "iops_min" : 17874,
        "iops_max" : 18146,
        "iops_mean" : 18096.300000,
        "iops_stddev" : 60.254629,
        "iops_samples" : 60
      },
      "trim" : {
        "io_bytes" : 0,
        "io_kbytes" : 0,
        "bw_bytes" : 0,
        "bw" : 0,
        "iops" : 0.000000,
        "runtime" : 0,
        "total_ios" : 0,
        "short_ios" : 0,
        "drop_ios" : 0,
        "slat_ns" : {
          "min" : 0,
          "max" : 0,
          "mean" : 0.000000,
          "stddev" : 0.000000,
          "N" : 0
        },
        "clat_ns" : {
          "min" : 0,
          "max" : 0,
          "mean" : 0.000000,
          "stddev" : 0.000000,
          "N" : 0
        },
        "lat_ns" : {
          "min" : 0,
          "max" : 0,
          "mean" : 0.000000,
          "stddev" : 0.000000,
          "N" : 0
        },
        "bw_min" : 0,
        "bw_max" : 0,
        "bw_agg" : 0.000000,
        "bw_mean" : 0.000000,
        "bw_dev" : 0.000000,
        "bw_samples" : 0,
        "iops_min" : 0,
        "iops_max" : 0,
        "iops_mean" : 0.000000,
        "iops_stddev" : 0.000000,
        "iops_samples" : 0
      },
      "sync" : {
        "total_ios" : 0,
        "lat_ns" : {
          "min" : 0,
          "max" : 0,
          "mean" : 0.000000,
          "stddev" : 0.000000,
          "N" : 0
        }
      },
      "job_runtime" : 30000,
      "usr_cpu" : 1.573333,
      "sys_cpu" : 13.140000,
      "ctx" : 543044,
      "majf" : 0,
      "minf" : 11,
      "iodepth_level" : {
        "1" : 100.000000,
        "2" : 0.000000,
        "4" : 0.000000,
        "8" : 0.000000,
        "16" : 0.000000,
        "32" : 0.000000,
        ">=64" : 0.000000
      },
      "iodepth_submit" : {
        "0" : 0.000000,
        "4" : 100.000000,
        "8" : 0.000000,
        "16" : 0.000000,
        "32" : 0.000000,
        "64" : 0.000000,
        ">=64" : 0.000000
      },
      "iodepth_complete" : {
        "0" : 0.000000,
        "4" : 100.000000,
        "8" : 0.000000,
        "16" : 0.000000,
        "32" : 0.000000,
        "64" : 0.000000,
        ">=64" : 0.000000
      },
      "latency_ns" : {
        "2" : 0.000000,
        "4" : 0.000000,
        "10" : 0.000000,
        "20" : 0.000000,
        "50" : 0.000000,
        "100" : 0.000000,
        "250" : 0.000000,
        "500" : 0.000000,
        "750" : 0.000000,
        "1000" : 0.000000
      },
      "latency_us" : {
        "2" : 0.000000,
        "4" : 0.000000,
        "10" : 0.000000,
        "20" : 0.000000,
        "50" : 98.327890,
        "100" : 1.645770,
        "250" : 0.013630,
        "500" : 0.010000,
        "750" : 0.000000,
        "1000" : 0.010000
      },
      "latency_ms" : {
        "2" : 0.010000,
        "4" : 0.010315,
        "10" : 0.010000,
        "20" : 0.000000,
        "50" : 0.000000,
        "100" : 0.000000,
        "250" : 0.000000,
        "500" : 0.000000,
        "750" : 0.000000,
        "1000" : 0.000000,
        "2000" : 0.000000,
        ">=2000" : 0.000000
      },
      "latency_depth" : 1,
      "latency_target" : 0,
      "latency_percentile" : 100.000000,
      "latency_window" : 0
    }
  ],
  "disk_util" : [
    {
      "name" : "nvme0n1",
      "read_ios" : 0,
      "write_ios" : 541087,
      "read_sectors" : 0,
      "write_sectors" : 138512296,
      "read_merges" : 0,
      "write_merges" : 27,
      "read_ticks" : 0,
      "write_ticks" : 24989,
      "in_queue" : 25003,
      "util" : 84.556396
    }
  ]
}
