{
  "fio version" : "fio-3.39",
  "timestamp" : 1759361016,
  "timestamp_ms" : 1759361016251,
  "time" : "Wed Oct  1 19:23:36 2025",
  "jobs" : [
    {
      "jobname" : "baseline_read_128k",
      "groupid" : 0,
      "job_start" : 1759360986102,
      "error" : 0,
      "eta" : 0,
      "elapsed" : 31,
      "job options" : {
        "name" : "baseline_read_128k",
        "filename" : "testfile",
        "rw" : "read",
        "bs" : "128k",
        "ioengine" : "libaio",
        "iodepth" : "1",
        "direct" : "1",
        "size" : "10G",
        "runtime" : "30",
        "numjobs" : "1",
        "time_based" : "",
        "group_reporting" : ""
      },
      "read" : {
        "io_bytes" : 77522665472,
        "io_kbytes" : 75705728,
        "bw_bytes" : 2584002715,
        "bw" : 2523440,
        "iops" : 19714.376187,
        "runtime" : 30001,
        "total_ios" : 591451,
        "short_ios" : 0,
        "drop_ios" : 0,
        "slat_ns" : {
          "min" : 5370,
          "max" : 86310,
          "mean" : 5988.985569,
          "stddev" : 368.356876,
          "N" : 591451
        },
        "clat_ns" : {
          "min" : 25200,
          "max" : 5276554,
          "mean" : 44543.075355,
          "stddev" : 17087.913785,
          "N" : 591451,
          "percentile" : {
            "1.000000" : 37120,
            "5.000000" : 37120,
            "10.000000" : 37632,
            "20.000000" : 38144,
            "30.000000" : 38656,
            "40.000000" : 38656,
            "50.000000" : 39168,
            "60.000000" : 39680,
            "70.000000" : 41216,
            "80.000000" : 42240,
            "90.000000" : 72192,
            "95.000000" : 81408,
            "99.000000" : 100864,
            "99.500000" : 108032,
            "99.900000" : 136192,
            "99.950000" : 142336,
            "99.990000" : 203776
          }
        },
        "lat_ns" : {
          "min" : 41660,
          "max" : 5362864,
          "mean" : 50532.060925,
          "stddev" : 17135.975276,
          "N" : 591451
        },
        "bw_min" : 2492416,
        "bw_max" : 2544128,
        "bw_agg" : 100.000000,
        "bw_mean" : 2523524.266667,
        "bw_dev" : 11193.020534,
        "bw_samples" : 60,
        "iops_min" : 19472,
        "iops_max" : 19876,
        "iops_mean" : 19715.033333,
        "iops_stddev" : 87.445473,
        "iops_samples" : 60
      },
      "write" : {
        "io_bytes" : 0,
        "io_kbytes" : 0,
        "bw_bytes" : 0,
        "bw" : 0,
        "iops" : 0.000000,
        "runtime" : 0,
        "total_ios" : 0,
        "short_ios" : 0,
        "drop_ios" : 0,
        "slat_ns" : {
          "min" : 0,
          "max" : 0,
          "mean" : 0.000000,
          "stddev" : 0.000000,
          "N" : 0
        },
        "clat_ns" : {
          "min" : 0,
          "max" : 0,
          "mean" : 0.000000,
          "stddev" : 0.000000,
          "N" : 0
        },
        "lat_ns" : {
          "min" : 0,
          "max" : 0,
          "mean" : 0.000000,
          "stddev" : 0.000000,
          "N" : 0
        },
        "bw_min" : 0,
        "bw_max" : 0,
        "bw_agg" : 0.000000,
        "bw_mean" : 0.000000,
        "bw_dev" : 0.000000,
        "bw_samples" : 0,
        "iops_min" : 0,
        "iops_max" : 0,
        "iops_mean" : 0.000000,
        "iops_stddev" : 0.000000,
        "iops_samples" : 0
      },
      "trim" : {
        "io_bytes" : 0,
        "io_kbytes" : 0,
        "bw_bytes" : 0,
        "bw" : 0,
        "iops" : 0.000000,
        "runtime" : 0,
        "total_ios" : 0,
        "short_ios" : 0,
        "drop_ios" : 0,
        "slat_ns" : {
          "min" : 0,
          "max" : 0,
          "mean" : 0.000000,
          "stddev" : 0.000000,
          "N" : 0
        },
        "clat_ns" : {
          "min" : 0,
          "max" : 0,
          "mean" : 0.000000,
          "stddev" : 0.000000,
          "N" : 0
        },
        "lat_ns" : {
          "min" : 0,
          "max" : 0,
          "mean" : 0.000000,
          "stddev" : 0.000000,
          "N" : 0
        },
        "bw_min" : 0,
        "bw_max" : 0,
        "bw_agg" : 0.000000,
        "bw_mean" : 0.000000,
        "bw_dev" : 0.000000,
        "bw_samples" : 0,
        "iops_min" : 0,
        "iops_max" : 0,
        "iops_mean" : 0.000000,
        "iops_stddev" : 0.000000,
        "iops_samples" : 0
      },
      "sync" : {
        "total_ios" : 0,
        "lat_ns" : {
          "min" : 0,
          "max" : 0,
          "mean" : 0.000000,
          "stddev" : 0.000000,
          "N" : 0
        }
      },
      "job_runtime" : 30000,
      "usr_cpu" : 0.663333,
      "sys_cpu" : 12.126667,
      "ctx" : 591473,
      "majf" : 0,
      "minf" : 40,
      "iodepth_level" : {
        "1" : 100.000000,
        "2" : 0.000000,
        "4" : 0.000000,
        "8" : 0.000000,
        "16" : 0.000000,
        "32" : 0.000000,
        ">=64" : 0.000000
      },
      "iodepth_submit" : {
        "0" : 0.000000,
        "4" : 100.000000,
        "8" : 0.000000,
        "16" : 0.000000,
        "32" : 0.000000,
        "64" : 0.000000,
        ">=64" : 0.000000
      },
      "iodepth_complete" : {
        "0" : 0.000000,
        "4" : 100.000000,
        "8" : 0.000000,
        "16" : 0.000000,
        "32" : 0.000000,
        "64" : 0.000000,
        ">=64" : 0.000000
      },
      "latency_ns" : {
        "2" : 0.000000,
        "4" : 0.000000,
        "10" : 0.000000,
        "20" : 0.000000,
        "50" : 0.000000,
        "100" : 0.000000,
        "250" : 0.000000,
        "500" : 0.000000,
        "750" : 0.000000,
        "1000" : 0.000000
      },
      "latency_us" : {
        "2" : 0.000000,
        "4" : 0.000000,
        "10" : 0.000000,
        "20" : 0.000000,
        "50" : 88.752914,
        "100" : 9.754147,
        "250" : 1.489388,
        "500" : 0.010000,
        "750" : 0.010000,
        "1000" : 0.000000
      },
      "latency_ms" : {
        "2" : 0.000000,
        "4" : 0.010000,
        "10" : 0.010000,
        "20" : 0.000000,
        "50" : 0.000000,
        "100" : 0.000000,
        "250" : 0.000000,
        "500" : 0.000000,
        "750" : 0.000000,
        "1000" : 0.000000,
        "2000" : 0.000000,
        ">=2000" : 0.000000
      },
      "latency_depth" : 1,
      "latency_target" : 0,
      "latency_percentile" : 100.000000,
      "latency_window" : 0
    }
  ],
  "disk_util" : [
    {
      "name" : "nvme0n1",
      "read_ios" : 589437,
      "write_ios" : 49,
      "read_sectors" : 150895872,
      "write_sectors" : 992,
      "read_merges" : 0,
      "write_merges" : 15,
      "read_ticks" : 25574,
      "write_ticks" : 25,
      "in_queue" : 25605,
      "util" : 88.130564
    }
  ]
}
