{
  "fio version" : "fio-3.39",
  "timestamp" : 1759360925,
  "timestamp_ms" : 1759360925074,
  "time" : "Wed Oct  1 19:22:05 2025",
  "jobs" : [
    {
      "jobname" : "baseline_randwrite_4k",
      "groupid" : 0,
      "job_start" : 1759360894925,
      "error" : 0,
      "eta" : 0,
      "elapsed" : 31,
      "job options" : {
        "name" : "baseline_randwrite_4k",
        "filename" : "testfile",
        "rw" : "randwrite",
        "bs" : "4k",
        "ioengine" : "libaio",
        "iodepth" : "1",
        "direct" : "1",
        "size" : "10G",
        "runtime" : "30",
        "numjobs" : "1",
        "time_based" : "",
        "group_reporting" : ""
      },
      "read" : {
        "io_bytes" : 0,
        "io_kbytes" : 0,
        "bw_bytes" : 0,
        "bw" : 0,
        "iops" : 0.000000,
        "runtime" : 0,
        "total_ios" : 0,
        "short_ios" : 0,
        "drop_ios" : 0,
        "slat_ns" : {
          "min" : 0,
          "max" : 0,
          "mean" : 0.000000,
          "stddev" : 0.000000,
          "N" : 0
        },
        "clat_ns" : {
          "min" : 0,
          "max" : 0,
          "mean" : 0.000000,
          "stddev" : 0.000000,
          "N" : 0
        },
        "lat_ns" : {
          "min" : 0,
          "max" : 0,
          "mean" : 0.000000,
          "stddev" : 0.000000,
          "N" : 0
        },
        "bw_min" : 0,
        "bw_max" : 0,
        "bw_agg" : 0.000000,
        "bw_mean" : 0.000000,
        "bw_dev" : 0.000000,
        "bw_samples" : 0,
        "iops_min" : 0,
        "iops_max" : 0,
        "iops_mean" : 0.000000,
        "iops_stddev" : 0.000000,
        "iops_samples" : 0
      },
      "write" : {
        "io_bytes" : 4749275136,
        "io_kbytes" : 4637964,
        "bw_bytes" : 158303894,
        "bw" : 154593,
        "iops" : 38648.411720,
        "runtime" : 30001,
        "total_ios" : 1159491,
        "short_ios" : 0,
        "drop_ios" : 0,
        "slat_ns" : {
          "min" : 2250,
          "max" : 116860,
          "mean" : 2438.971750,
          "stddev" : 294.191522,
          "N" : 1159491
        },
        "clat_ns" : {
          "min" : 430,
          "max" : 8349390,
          "mean" : 23201.093637,
          "stddev" : 8386.045932,
          "N" : 1159491,
          "percentile" : {
            "1.000000" : 15040,
            "5.000000" : 22144,
            "10.000000" : 23424,
            "20.000000" : 23424,
            "30.000000" : 23424,
            "40.000000" : 23424,
            "50.000000" : 23424,
            "60.000000" : 23424,
            "70.000000" : 23424,
            "80.000000" : 23424,
            "90.000000" : 23680,
            "95.000000" : 23680,
            "99.000000" : 29056,
            "99.500000" : 31616,
            "99.900000" : 35584,
            "99.950000" : 37632,
            "99.990000" : 40704
          }
        },
        "lat_ns" : {
          "min" : 14900,
          "max" : 8466250,
          "mean" : 25640.065386,
          "stddev" : 8497.182561,
          "N" : 1159491
        },
        "bw_min" : 152824,
        "bw_max" : 156256,
        "bw_agg" : 100.000000,
        "bw_mean" : 154598.800000,
        "bw_dev" : 681.238871,
        "bw_samples" : 60,
        "iops_min" : 38206,
        "iops_max" : 39064,
        "iops_mean" : 38649.700000,
        "iops_stddev" : 170.309718,
        "iops_samples" : 60
      },
      "trim" : {
        "io_bytes" : 0,
        "io_kbytes" : 0,
        "bw_bytes" : 0,
        "bw" : 0,
        "iops" : 0.000000,
        "runtime" : 0,
        "total_ios" : 0,
        "short_ios" : 0,
        "drop_ios" : 0,
        "slat_ns" : {
          "min" : 0,
          "max" : 0,
          "mean" : 0.000000,
          "stddev" : 0.000000,
          "N" : 0
        },
        "clat_ns" : {
          "min" : 0,
          "max" : 0,
          "mean" : 0.000000,
          "stddev" : 0.000000,
          "N" : 0
        },
        "lat_ns" : {
          "min" : 0,
          "max" : 0,
          "mean" : 0.000000,
          "stddev" : 0.000000,
          "N" : 0
        },
        "bw_min" : 0,
        "bw_max" : 0,
        "bw_agg" : 0.000000,
        "bw_mean" : 0.000000,
        "bw_dev" : 0.000000,
        "bw_samples" : 0,
        "iops_min" : 0,
        "iops_max" : 0,
        "iops_mean" : 0.000000,
        "iops_stddev" : 0.000000,
        "iops_samples" : 0
      },
      "sync" : {
        "total_ios" : 0,
        "lat_ns" : {
          "min" : 0,
          "max" : 0,
          "mean" : 0.000000,
          "stddev" : 0.000000,
          "N" : 0
        }
      },
      "job_runtime" : 30000,
      "usr_cpu" : 1.833333,
      "sys_cpu" : 14.916667,
      "ctx" : 1159826,
      "majf" : 0,
      "minf" : 11,
      "iodepth_level" : {
        "1" : 100.000000,
        "2" : 0.000000,
        "4" : 0.000000,
        "8" : 0.000000,
        "16" : 0.000000,
        "32" : 0.000000,
        ">=64" : 0.000000
      },
      "iodepth_submit" : {
        "0" : 0.000000,
        "4" : 100.000000,
        "8" : 0.000000,
        "16" : 0.000000,
        "32" : 0.000000,
        "64" : 0.000000,
        ">=64" : 0.000000
      },
      "iodepth_complete" : {
        "0" : 0.000000,
        "4" : 100.000000,
        "8" : 0.000000,
        "16" : 0.000000,
        "32" : 0.000000,
        "64" : 0.000000,
        ">=64" : 0.000000
      },
      "latency_ns" : {
        "2" : 0.000000,
        "4" : 0.000000,
        "10" : 0.000000,
        "20" : 0.000000,
        "50" : 0.000000,
        "100" : 0.000000,
        "250" : 0.000000,
        "500" : 0.010000,
        "750" : 0.000000,
        "1000" : 0.000000
      },
      "latency_us" : {
        "2" : 0.000000,
        "4" : 0.000000,
        "10" : 0.010000,
        "20" : 4.216505,
        "50" : 95.780907,
        "100" : 0.010000,
        "250" : 0.010000,
        "500" : 0.000000,
        "750" : 0.000000,
        "1000" : 0.000000
      },
      "latency_ms" : {
        "2" : 0.000000,
        "4" : 0.010000,
        "10" : 0.010000,
        "20" : 0.000000,
        "50" : 0.000000,
        "100" : 0.000000,
        "250" : 0.000000,
        "500" : 0.000000,
        "750" : 0.000000,
        "1000" : 0.000000,
        "2000" : 0.000000,
        ">=2000" : 0.000000
      },
      "latency_depth" : 1,
      "latency_target" : 0,
      "latency_percentile" : 100.000000,
      "latency_window" : 0
    }
  ],
  "disk_util" : [
    {
      "name" : "nvme0n1",
      "read_ios" : 0,
      "write_ios" : 1155596,
      "read_sectors" : 0,
      "write_sectors" : 9244968,
      "read_merges" : 0,
      "write_merges" : 24,
      "read_ticks" : 0,
      "write_ticks" : 22628,
      "in_queue" : 22640,
      "util" : 80.799493
    }
  ]
}
