{
  "fio version" : "fio-3.39",
  "timestamp" : 1759361077,
  "timestamp_ms" : 1759361077035,
  "time" : "Wed Oct  1 19:24:37 2025",
  "jobs" : [
    {
      "jobname" : "baseline_write_128k",
      "groupid" : 0,
      "job_start" : 1759361046887,
      "error" : 0,
      "eta" : 0,
      "elapsed" : 31,
      "job options" : {
        "name" : "baseline_write_128k",
        "filename" : "testfile",
        "rw" : "write",
        "bs" : "128k",
        "ioengine" : "libaio",
        "iodepth" : "1",
        "direct" : "1",
        "size" : "10G",
        "runtime" : "30",
        "numjobs" : "1",
        "time_based" : "",
        "group_reporting" : ""
      },
      "read" : {
        "io_bytes" : 0,
        "io_kbytes" : 0,
        "bw_bytes" : 0,
        "bw" : 0,
        "iops" : 0.000000,
        "runtime" : 0,
        "total_ios" : 0,
        "short_ios" : 0,
        "drop_ios" : 0,
        "slat_ns" : {
          "min" : 0,
          "max" : 0,
          "mean" : 0.000000,
          "stddev" : 0.000000,
          "N" : 0
        },
        "clat_ns" : {
          "min" : 0,
          "max" : 0,
          "mean" : 0.000000,
          "stddev" : 0.000000,
          "N" : 0
        },
        "lat_ns" : {
          "min" : 0,
          "max" : 0,
          "mean" : 0.000000,
          "stddev" : 0.000000,
          "N" : 0
        },
        "bw_min" : 0,
        "bw_max" : 0,
        "bw_agg" : 0.000000,
        "bw_mean" : 0.000000,
        "bw_dev" : 0.000000,
        "bw_samples" : 0,
        "iops_min" : 0,
        "iops_max" : 0,
        "iops_mean" : 0.000000,
        "iops_stddev" : 0.000000,
        "iops_samples" : 0
      },
      "write" : {
        "io_bytes" : 70093242368,
        "io_kbytes" : 68450432,
        "bw_bytes" : 2336363533,
        "bw" : 2281605,
        "iops" : 17825.039165,
        "runtime" : 30001,
        "total_ios" : 534769,
        "short_ios" : 0,
        "drop_ios" : 0,
        "slat_ns" : {
          "min" : 6590,
          "max" : 72420,
          "mean" : 6961.216658,
          "stddev" : 453.758830,
          "N" : 534769
        },
        "clat_ns" : {
          "min" : 24999,
          "max" : 5393964,
          "mean" : 48934.222526,
          "stddev" : 38718.058184,
          "N" : 534769,
          "percentile" : {
            "1.000000" : 42752,
            "5.000000" : 48384,
            "10.000000" : 48384,
            "20.000000" : 48384,
            "30.000000" : 48384,
            "40.000000" : 48384,
            "50.000000" : 48384,
            "60.000000" : 48384,
            "70.000000" : 48384,
            "80.000000" : 48384,
            "90.000000" : 48896,
            "95.000000" : 48896,
            "99.000000" : 50944,
            "99.500000" : 52480,
            "99.900000" : 56064,
            "99.950000" : 63232,
            "99.990000" : 3391488
          }
        },
        "lat_ns" : {
          "min" : 46440,
          "max" : 5400754,
          "mean" : 55895.439184,
          "stddev" : 38721.783752,
          "N" : 534769
        },
        "bw_min" : 2253056,
        "bw_max" : 2289920,
        "bw_agg" : 100.000000,
        "bw_mean" : 2281681.066667,
        "bw_dev" : 6540.429421,
        "bw_samples" : 60,
        "iops_min" : 17602,
        "iops_max" : 17890,
        "iops_mean" : 17825.633333,
        "iops_stddev" : 51.097105,
        "iops_samples" : 60
      },
      "trim" : {
        "io_bytes" : 0,
        "io_kbytes" : 0,
        "bw_bytes" : 0,
        "bw" : 0,
        "iops" : 0.000000,
        "runtime" : 0,
        "total_ios" : 0,
        "short_ios" : 0,
        "drop_ios" : 0,
        "slat_ns" : {
          "min" : 0,
          "max" : 0,
          "mean" : 0.000000,
          "stddev" : 0.000000,
          "N" : 0
        },
        "clat_ns" : {
          "min" : 0,
          "max" : 0,
          "mean" : 0.000000,
          "stddev" : 0.000000,
          "N" : 0
        },
        "lat_ns" : {
          "min" : 0,
          "max" : 0,
          "mean" : 0.000000,
          "stddev" : 0.000000,
          "N" : 0
        },
        "bw_min" : 0,
        "bw_max" : 0,
        "bw_agg" : 0.000000,
        "bw_mean" : 0.000000,
        "bw_dev" : 0.000000,
        "bw_samples" : 0,
        "iops_min" : 0,
        "iops_max" : 0,
        "iops_mean" : 0.000000,
        "iops_stddev" : 0.000000,
        "iops_samples" : 0
      },
      "sync" : {
        "total_ios" : 0,
        "lat_ns" : {
          "min" : 0,
          "max" : 0,
          "mean" : 0.000000,
          "stddev" : 0.000000,
          "N" : 0
        }
      },
      "job_runtime" : 30000,
      "usr_cpu" : 1.116667,
      "sys_cpu" : 14.710000,
      "ctx" : 534906,
      "majf" : 0,
      "minf" : 9,
      "iodepth_level" : {
        "1" : 100.000000,
        "2" : 0.000000,
        "4" : 0.000000,
        "8" : 0.000000,
        "16" : 0.000000,
        "32" : 0.000000,
        ">=64" : 0.000000
      },
      "iodepth_submit" : {
        "0" : 0.000000,
        "4" : 100.000000,
        "8" : 0.000000,
        "16" : 0.000000,
        "32" : 0.000000,
        "64" : 0.000000,
        ">=64" : 0.000000
      },
      "iodepth_complete" : {
        "0" : 0.000000,
        "4" : 100.000000,
        "8" : 0.000000,
        "16" : 0.000000,
        "32" : 0.000000,
        "64" : 0.000000,
        ">=64" : 0.000000
      },
      "latency_ns" : {
        "2" : 0.000000,
        "4" : 0.000000,
        "10" : 0.000000,
        "20" : 0.000000,
        "50" : 0.000000,
        "100" : 0.000000,
        "250" : 0.000000,
        "500" : 0.000000,
        "750" : 0.000000,
        "1000" : 0.000000
      },
      "latency_us" : {
        "2" : 0.000000,
        "4" : 0.000000,
        "10" : 0.000000,
        "20" : 0.000000,
        "50" : 98.504775,
        "100" : 1.469980,
        "250" : 0.012716,
        "500" : 0.010000,
        "750" : 0.000000,
        "1000" : 0.000000
      },
      "latency_ms" : {
        "2" : 0.010000,
        "4" : 0.011407,
        "10" : 0.010000,
        "20" : 0.000000,
        "50" : 0.000000,
        "100" : 0.000000,
        "250" : 0.000000,
        "500" : 0.000000,
        "750" : 0.000000,
        "1000" : 0.000000,
        "2000" : 0.000000,
        ">=2000" : 0.000000
      },
      "latency_depth" : 1,
      "latency_target" : 0,
      "latency_percentile" : 100.000000,
      "latency_window" : 0
    }
  ],
  "disk_util" : [
    {
      "name" : "nvme0n1",
      "read_ios" : 0,
      "write_ios" : 533057,
      "read_sectors" : 0,
      "write_sectors" : 136456600,
      "read_merges" : 0,
      "write_merges" : 25,
      "read_ticks" : 0,
      "write_ticks" : 25083,
      "in_queue" : 25096,
      "util" : 93.748750
    }
  ]
}
