{
  "fio version" : "fio-3.39",
  "timestamp" : 1759361168,
  "timestamp_ms" : 1759361168212,
  "time" : "Wed Oct  1 19:26:08 2025",
  "jobs" : [
    {
      "jobname" : "bsweep_randread_32k",
      "groupid" : 0,
      "job_start" : 1759361138062,
      "error" : 0,
      "eta" : 0,
      "elapsed" : 31,
      "job options" : {
        "name" : "bsweep_randread_32k",
        "filename" : "testfile",
        "rw" : "randread",
        "bs" : "32k",
        "ioengine" : "libaio",
        "iodepth" : "1",
        "direct" : "1",
        "size" : "10G",
        "runtime" : "30",
        "numjobs" : "1",
        "time_based" : "",
        "group_reporting" : ""
      },
      "read" : {
        "io_bytes" : 10432839680,
        "io_kbytes" : 10188320,
        "bw_bytes" : 347749731,
        "bw" : 339599,
        "iops" : 10612.479584,
        "runtime" : 30001,
        "total_ios" : 318385,
        "short_ios" : 0,
        "drop_ios" : 0,
        "slat_ns" : {
          "min" : 3290,
          "max" : 47520,
          "mean" : 3378.521202,
          "stddev" : 375.619704,
          "N" : 318385
        },
        "clat_ns" : {
          "min" : 74340,
          "max" : 8419270,
          "mean" : 90598.579946,
          "stddev" : 16265.813823,
          "N" : 318385,
          "percentile" : {
            "1.000000" : 82432,
            "5.000000" : 85504,
            "10.000000" : 86528,
            "20.000000" : 86528,
            "30.000000" : 88576,
            "40.000000" : 89600,
            "50.000000" : 89600,
            "60.000000" : 89600,
            "70.000000" : 89600,
            "80.000000" : 89600,
            "90.000000" : 102912,
            "95.000000" : 103936,
            "99.000000" : 104960,
            "99.500000" : 107008,
            "99.900000" : 116224,
            "99.950000" : 128512,
            "99.990000" : 211968
          }
        },
        "lat_ns" : {
          "min" : 77720,
          "max" : 8466790,
          "mean" : 93977.101148,
          "stddev" : 16345.452523,
          "N" : 318385
        },
        "bw_min" : 332672,
        "bw_max" : 341248,
        "bw_agg" : 100.000000,
        "bw_mean" : 339610.666667,
        "bw_dev" : 1193.398035,
        "bw_samples" : 60,
        "iops_min" : 10396,
        "iops_max" : 10664,
        "iops_mean" : 10612.833333,
        "iops_stddev" : 37.293689,
        "iops_samples" : 60
      },
      "write" : {
        "io_bytes" : 0,
        "io_kbytes" : 0,
        "bw_bytes" : 0,
        "bw" : 0,
        "iops" : 0.000000,
        "runtime" : 0,
        "total_ios" : 0,
        "short_ios" : 0,
        "drop_ios" : 0,
        "slat_ns" : {
          "min" : 0,
          "max" : 0,
          "mean" : 0.000000,
          "stddev" : 0.000000,
          "N" : 0
        },
        "clat_ns" : {
          "min" : 0,
          "max" : 0,
          "mean" : 0.000000,
          "stddev" : 0.000000,
          "N" : 0
        },
        "lat_ns" : {
          "min" : 0,
          "max" : 0,
          "mean" : 0.000000,
          "stddev" : 0.000000,
          "N" : 0
        },
        "bw_min" : 0,
        "bw_max" : 0,
        "bw_agg" : 0.000000,
        "bw_mean" : 0.000000,
        "bw_dev" : 0.000000,
        "bw_samples" : 0,
        "iops_min" : 0,
        "iops_max" : 0,
        "iops_mean" : 0.000000,
        "iops_stddev" : 0.000000,
        "iops_samples" : 0
      },
      "trim" : {
        "io_bytes" : 0,
        "io_kbytes" : 0,
        "bw_bytes" : 0,
        "bw" : 0,
        "iops" : 0.000000,
        "runtime" : 0,
        "total_ios" : 0,
        "short_ios" : 0,
        "drop_ios" : 0,
        "slat_ns" : {
          "min" : 0,
          "max" : 0,
          "mean" : 0.000000,
          "stddev" : 0.000000,
          "N" : 0
        },
        "clat_ns" : {
          "min" : 0,
          "max" : 0,
          "mean" : 0.000000,
          "stddev" : 0.000000,
          "N" : 0
        },
        "lat_ns" : {
          "min" : 0,
          "max" : 0,
          "mean" : 0.000000,
          "stddev" : 0.000000,
          "N" : 0
        },
        "bw_min" : 0,
        "bw_max" : 0,
        "bw_agg" : 0.000000,
        "bw_mean" : 0.000000,
        "bw_dev" : 0.000000,
        "bw_samples" : 0,
        "iops_min" : 0,
        "iops_max" : 0,
        "iops_mean" : 0.000000,
        "iops_stddev" : 0.000000,
        "iops_samples" : 0
      },
      "sync" : {
        "total_ios" : 0,
        "lat_ns" : {
          "min" : 0,
          "max" : 0,
          "mean" : 0.000000,
          "stddev" : 0.000000,
          "N" : 0
        }
      },
      "job_runtime" : 30000,
      "usr_cpu" : 0.480000,
      "sys_cpu" : 4.106667,
      "ctx" : 318404,
      "majf" : 0,
      "minf" : 17,
      "iodepth_level" : {
        "1" : 100.000000,
        "2" : 0.000000,
        "4" : 0.000000,
        "8" : 0.000000,
        "16" : 0.000000,
        "32" : 0.000000,
        ">=64" : 0.000000
      },
      "iodepth_submit" : {
        "0" : 0.000000,
        "4" : 100.000000,
        "8" : 0.000000,
        "16" : 0.000000,
        "32" : 0.000000,
        "64" : 0.000000,
        ">=64" : 0.000000
      },
      "iodepth_complete" : {
        "0" : 0.000000,
        "4" : 100.000000,
        "8" : 0.000000,
        "16" : 0.000000,
        "32" : 0.000000,
        "64" : 0.000000,
        ">=64" : 0.000000
      },
      "latency_ns" : {
        "2" : 0.000000,
        "4" : 0.000000,
        "10" : 0.000000,
        "20" : 0.000000,
        "50" : 0.000000,
        "100" : 0.000000,
        "250" : 0.000000,
        "500" : 0.000000,
        "750" : 0.000000,
        "1000" : 0.000000
      },
      "latency_us" : {
        "2" : 0.000000,
        "4" : 0.000000,
        "10" : 0.000000,
        "20" : 0.000000,
        "50" : 0.000000,
        "100" : 86.880035,
        "250" : 13.114939,
        "500" : 0.010000,
        "750" : 0.010000,
        "1000" : 0.010000
      },
      "latency_ms" : {
        "2" : 0.000000,
        "4" : 0.000000,
        "10" : 0.010000,
        "20" : 0.000000,
        "50" : 0.000000,
        "100" : 0.000000,
        "250" : 0.000000,
        "500" : 0.000000,
        "750" : 0.000000,
        "1000" : 0.000000,
        "2000" : 0.000000,
        ">=2000" : 0.000000
      },
      "latency_depth" : 1,
      "latency_target" : 0,
      "latency_percentile" : 100.000000,
      "latency_window" : 0
    }
  ],
  "disk_util" : [
    {
      "name" : "nvme0n1",
      "read_ios" : 317309,
      "write_ios" : 19,
      "read_sectors" : 20307776,
      "write_sectors" : 304,
      "read_merges" : 0,
      "write_merges" : 18,
      "read_ticks" : 28252,
      "write_ticks" : 34,
      "in_queue" : 28296,
      "util" : 95.498950
    }
  ]
}
