{
  "fio version" : "fio-3.39",
  "timestamp" : 1759361289,
  "timestamp_ms" : 1759361289781,
  "time" : "Wed Oct  1 19:28:09 2025",
  "jobs" : [
    {
      "jobname" : "bsweep_read_4k",
      "groupid" : 0,
      "job_start" : 1759361259632,
      "error" : 0,
      "eta" : 0,
      "elapsed" : 31,
      "job options" : {
        "name" : "bsweep_read_4k",
        "filename" : "testfile",
        "rw" : "read",
        "bs" : "4k",
        "ioengine" : "libaio",
        "iodepth" : "1",
        "direct" : "1",
        "size" : "10G",
        "runtime" : "30",
        "numjobs" : "1",
        "time_based" : "",
        "group_reporting" : ""
      },
      "read" : {
        "io_bytes" : 9883881472,
        "io_kbytes" : 9652228,
        "bw_bytes" : 329451734,
        "bw" : 321730,
        "iops" : 80432.552248,
        "runtime" : 30001,
        "total_ios" : 2413057,
        "short_ios" : 0,
        "drop_ios" : 0,
        "slat_ns" : {
          "min" : 1780,
          "max" : 37300,
          "mean" : 1864.382540,
          "stddev" : 186.976136,
          "N" : 2413057
        },
        "clat_ns" : {
          "min" : 370,
          "max" : 8366170,
          "mean" : 10385.605177,
          "stddev" : 6627.434324,
          "N" : 2413057,
          "percentile" : {
            "1.000000" : 9792,
            "5.000000" : 9920,
            "10.000000" : 9920,
            "20.000000" : 9920,
            "30.000000" : 9920,
            "40.000000" : 9920,
            "50.000000" : 10048,
            "60.000000" : 10048,
            "70.000000" : 10048,
            "80.000000" : 10176,
            "90.000000" : 10304,
            "95.000000" : 10560,
            "99.000000" : 17280,
            "99.500000" : 23168,
            "99.900000" : 58624,
            "99.950000" : 59136,
            "99.990000" : 63744
          }
        },
        "lat_ns" : {
          "min" : 9700,
          "max" : 8399410,
          "mean" : 12249.987717,
          "stddev" : 6653.490872,
          "N" : 2413057
        },
        "bw_min" : 292064,
        "bw_max" : 328104,
        "bw_agg" : 100.000000,
        "bw_mean" : 321740.933333,
        "bw_dev" : 5447.233893,
        "bw_samples" : 60,
        "iops_min" : 73016,
        "iops_max" : 82026,
        "iops_mean" : 80435.233333,
        "iops_stddev" : 1361.808473,
        "iops_samples" : 60
      },
      "write" : {
        "io_bytes" : 0,
        "io_kbytes" : 0,
        "bw_bytes" : 0,
        "bw" : 0,
        "iops" : 0.000000,
        "runtime" : 0,
        "total_ios" : 0,
        "short_ios" : 0,
        "drop_ios" : 0,
        "slat_ns" : {
          "min" : 0,
          "max" : 0,
          "mean" : 0.000000,
          "stddev" : 0.000000,
          "N" : 0
        },
        "clat_ns" : {
          "min" : 0,
          "max" : 0,
          "mean" : 0.000000,
          "stddev" : 0.000000,
          "N" : 0
        },
        "lat_ns" : {
          "min" : 0,
          "max" : 0,
          "mean" : 0.000000,
          "stddev" : 0.000000,
          "N" : 0
        },
        "bw_min" : 0,
        "bw_max" : 0,
        "bw_agg" : 0.000000,
        "bw_mean" : 0.000000,
        "bw_dev" : 0.000000,
        "bw_samples" : 0,
        "iops_min" : 0,
        "iops_max" : 0,
        "iops_mean" : 0.000000,
        "iops_stddev" : 0.000000,
        "iops_samples" : 0
      },
      "trim" : {
        "io_bytes" : 0,
        "io_kbytes" : 0,
        "bw_bytes" : 0,
        "bw" : 0,
        "iops" : 0.000000,
        "runtime" : 0,
        "total_ios" : 0,
        "short_ios" : 0,
        "drop_ios" : 0,
        "slat_ns" : {
          "min" : 0,
          "max" : 0,
          "mean" : 0.000000,
          "stddev" : 0.000000,
          "N" : 0
        },
        "clat_ns" : {
          "min" : 0,
          "max" : 0,
          "mean" : 0.000000,
          "stddev" : 0.000000,
          "N" : 0
        },
        "lat_ns" : {
          "min" : 0,
          "max" : 0,
          "mean" : 0.000000,
          "stddev" : 0.000000,
          "N" : 0
        },
        "bw_min" : 0,
        "bw_max" : 0,
        "bw_agg" : 0.000000,
        "bw_mean" : 0.000000,
        "bw_dev" : 0.000000,
        "bw_samples" : 0,
        "iops_min" : 0,
        "iops_max" : 0,
        "iops_mean" : 0.000000,
        "iops_stddev" : 0.000000,
        "iops_samples" : 0
      },
      "sync" : {
        "total_ios" : 0,
        "lat_ns" : {
          "min" : 0,
          "max" : 0,
          "mean" : 0.000000,
          "stddev" : 0.000000,
          "N" : 0
        }
      },
      "job_runtime" : 30000,
      "usr_cpu" : 5.393333,
      "sys_cpu" : 16.673333,
      "ctx" : 2413384,
      "majf" : 0,
      "minf" : 12,
      "iodepth_level" : {
        "1" : 100.000000,
        "2" : 0.000000,
        "4" : 0.000000,
        "8" : 0.000000,
        "16" : 0.000000,
        "32" : 0.000000,
        ">=64" : 0.000000
      },
      "iodepth_submit" : {
        "0" : 0.000000,
        "4" : 100.000000,
        "8" : 0.000000,
        "16" : 0.000000,
        "32" : 0.000000,
        "64" : 0.000000,
        ">=64" : 0.000000
      },
      "iodepth_complete" : {
        "0" : 0.000000,
        "4" : 100.000000,
        "8" : 0.000000,
        "16" : 0.000000,
        "32" : 0.000000,
        "64" : 0.000000,
        ">=64" : 0.000000
      },
      "latency_ns" : {
        "2" : 0.000000,
        "4" : 0.000000,
        "10" : 0.000000,
        "20" : 0.000000,
        "50" : 0.000000,
        "100" : 0.000000,
        "250" : 0.000000,
        "500" : 0.010000,
        "750" : 0.010000,
        "1000" : 0.010000
      },
      "latency_us" : {
        "2" : 0.010000,
        "4" : 0.010000,
        "10" : 49.556475,
        "20" : 49.525850,
        "50" : 0.462235,
        "100" : 0.452994,
        "250" : 0.010000,
        "500" : 0.010000,
        "750" : 0.010000,
        "1000" : 0.010000
      },
      "latency_ms" : {
        "2" : 0.010000,
        "4" : 0.000000,
        "10" : 0.010000,
        "20" : 0.000000,
        "50" : 0.000000,
        "100" : 0.000000,
        "250" : 0.000000,
        "500" : 0.000000,
        "750" : 0.000000,
        "1000" : 0.000000,
        "2000" : 0.000000,
        ">=2000" : 0.000000
      },
      "latency_depth" : 1,
      "latency_target" : 0,
      "latency_percentile" : 100.000000,
      "latency_window" : 0
    }
  ],
  "disk_util" : [
    {
      "name" : "nvme0n1",
      "read_ios" : 2404741,
      "write_ios" : 83,
      "read_sectors" : 19237928,
      "write_sectors" : 1968,
      "read_merges" : 0,
      "write_merges" : 34,
      "read_ticks" : 20718,
      "write_ticks" : 35,
      "in_queue" : 20762,
      "util" : 67.256785
    }
  ]
}
