{
  "fio version" : "fio-3.39",
  "timestamp" : 1759361320,
  "timestamp_ms" : 1759361320173,
  "time" : "Wed Oct  1 19:28:40 2025",
  "jobs" : [
    {
      "jobname" : "bsweep_read_16k",
      "groupid" : 0,
      "job_start" : 1759361290024,
      "error" : 0,
      "eta" : 0,
      "elapsed" : 31,
      "job options" : {
        "name" : "bsweep_read_16k",
        "filename" : "testfile",
        "rw" : "read",
        "bs" : "16k",
        "ioengine" : "libaio",
        "iodepth" : "1",
        "direct" : "1",
        "size" : "10G",
        "runtime" : "30",
        "numjobs" : "1",
        "time_based" : "",
        "group_reporting" : ""
      },
      "read" : {
        "io_bytes" : 30789713920,
        "io_kbytes" : 30068080,
        "bw_bytes" : 1026289587,
        "bw" : 1002235,
        "iops" : 62639.745342,
        "runtime" : 30001,
        "total_ios" : 1879255,
        "short_ios" : 0,
        "drop_ios" : 0,
        "slat_ns" : {
          "min" : 2280,
          "max" : 41030,
          "mean" : 2414.677507,
          "stddev" : 202.578887,
          "N" : 1879255
        },
        "clat_ns" : {
          "min" : 390,
          "max" : 8382069,
          "mean" : 13378.463248,
          "stddev" : 7626.735967,
          "N" : 1879255,
          "percentile" : {
            "1.000000" : 12608,
            "5.000000" : 12736,
            "10.000000" : 12736,
            "20.000000" : 12864,
            "30.000000" : 12864,
            "40.000000" : 12864,
            "50.000000" : 12992,
            "60.000000" : 12992,
            "70.000000" : 12992,
            "80.000000" : 13120,
            "90.000000" : 13248,
            "95.000000" : 13376,
            "99.000000" : 19840,
            "99.500000" : 70144,
            "99.900000" : 71168,
            "99.950000" : 73216,
            "99.990000" : 91648
          }
        },
        "lat_ns" : {
          "min" : 12880,
          "max" : 8420849,
          "mean" : 15793.140755,
          "stddev" : 7654.631471,
          "N" : 1879255
        },
        "bw_min" : 982496,
        "bw_max" : 1021728,
        "bw_agg" : 100.000000,
        "bw_mean" : 1002269.333333,
        "bw_dev" : 7045.681015,
        "bw_samples" : 60,
        "iops_min" : 61404,
        "iops_max" : 63858,
        "iops_mean" : 62641.833333,
        "iops_stddev" : 440.498068,
        "iops_samples" : 60
      },
      "write" : {
        "io_bytes" : 0,
        "io_kbytes" : 0,
        "bw_bytes" : 0,
        "bw" : 0,
        "iops" : 0.000000,
        "runtime" : 0,
        "total_ios" : 0,
        "short_ios" : 0,
        "drop_ios" : 0,
        "slat_ns" : {
          "min" : 0,
          "max" : 0,
          "mean" : 0.000000,
          "stddev" : 0.000000,
          "N" : 0
        },
        "clat_ns" : {
          "min" : 0,
          "max" : 0,
          "mean" : 0.000000,
          "stddev" : 0.000000,
          "N" : 0
        },
        "lat_ns" : {
          "min" : 0,
          "max" : 0,
          "mean" : 0.000000,
          "stddev" : 0.000000,
          "N" : 0
        },
        "bw_min" : 0,
        "bw_max" : 0,
        "bw_agg" : 0.000000,
        "bw_mean" : 0.000000,
        "bw_dev" : 0.000000,
        "bw_samples" : 0,
        "iops_min" : 0,
        "iops_max" : 0,
        "iops_mean" : 0.000000,
        "iops_stddev" : 0.000000,
        "iops_samples" : 0
      },
      "trim" : {
        "io_bytes" : 0,
        "io_kbytes" : 0,
        "bw_bytes" : 0,
        "bw" : 0,
        "iops" : 0.000000,
        "runtime" : 0,
        "total_ios" : 0,
        "short_ios" : 0,
        "drop_ios" : 0,
        "slat_ns" : {
          "min" : 0,
          "max" : 0,
          "mean" : 0.000000,
          "stddev" : 0.000000,
          "N" : 0
        },
        "clat_ns" : {
          "min" : 0,
          "max" : 0,
          "mean" : 0.000000,
          "stddev" : 0.000000,
          "N" : 0
        },
        "lat_ns" : {
          "min" : 0,
          "max" : 0,
          "mean" : 0.000000,
          "stddev" : 0.000000,
          "N" : 0
        },
        "bw_min" : 0,
        "bw_max" : 0,
        "bw_agg" : 0.000000,
        "bw_mean" : 0.000000,
        "bw_dev" : 0.000000,
        "bw_samples" : 0,
        "iops_min" : 0,
        "iops_max" : 0,
        "iops_mean" : 0.000000,
        "iops_stddev" : 0.000000,
        "iops_samples" : 0
      },
      "sync" : {
        "total_ios" : 0,
        "lat_ns" : {
          "min" : 0,
          "max" : 0,
          "mean" : 0.000000,
          "stddev" : 0.000000,
          "N" : 0
        }
      },
      "job_runtime" : 30000,
      "usr_cpu" : 2.090000,
      "sys_cpu" : 18.476667,
      "ctx" : 1879484,
      "majf" : 0,
      "minf" : 13,
      "iodepth_level" : {
        "1" : 100.000000,
        "2" : 0.000000,
        "4" : 0.000000,
        "8" : 0.000000,
        "16" : 0.000000,
        "32" : 0.000000,
        ">=64" : 0.000000
      },
      "iodepth_submit" : {
        "0" : 0.000000,
        "4" : 100.000000,
        "8" : 0.000000,
        "16" : 0.000000,
        "32" : 0.000000,
        "64" : 0.000000,
        ">=64" : 0.000000
      },
      "iodepth_complete" : {
        "0" : 0.000000,
        "4" : 100.000000,
        "8" : 0.000000,
        "16" : 0.000000,
        "32" : 0.000000,
        "64" : 0.000000,
        ">=64" : 0.000000
      },
      "latency_ns" : {
        "2" : 0.000000,
        "4" : 0.000000,
        "10" : 0.000000,
        "20" : 0.000000,
        "50" : 0.000000,
        "100" : 0.000000,
        "250" : 0.000000,
        "500" : 0.010000,
        "750" : 0.010000,
        "1000" : 0.000000
      },
      "latency_us" : {
        "2" : 0.010000,
        "4" : 0.010000,
        "10" : 0.010000,
        "20" : 99.076921,
        "50" : 0.332206,
        "100" : 0.582891,
        "250" : 0.010000,
        "500" : 0.010000,
        "750" : 0.000000,
        "1000" : 0.000000
      },
      "latency_ms" : {
        "2" : 0.000000,
        "4" : 0.000000,
        "10" : 0.010000,
        "20" : 0.000000,
        "50" : 0.000000,
        "100" : 0.000000,
        "250" : 0.000000,
        "500" : 0.000000,
        "750" : 0.000000,
        "1000" : 0.000000,
        "2000" : 0.000000,
        ">=2000" : 0.000000
      },
      "latency_depth" : 1,
      "latency_target" : 0,
      "latency_percentile" : 100.000000,
      "latency_window" : 0
    }
  ],
  "disk_util" : [
    {
      "name" : "nvme0n1",
      "read_ios" : 1872934,
      "write_ios" : 26,
      "read_sectors" : 59933920,
      "write_sectors" : 408,
      "read_merges" : 0,
      "write_merges" : 24,
      "read_ticks" : 22118,
      "write_ticks" : 26,
      "in_queue" : 22151,
      "util" : 74.844130
    }
  ]
}
