{
  "fio version" : "fio-3.39",
  "timestamp" : 1759361198,
  "timestamp_ms" : 1759361198604,
  "time" : "Wed Oct  1 19:26:38 2025",
  "jobs" : [
    {
      "jobname" : "bsweep_randread_64k",
      "groupid" : 0,
      "job_start" : 1759361168455,
      "error" : 0,
      "eta" : 0,
      "elapsed" : 31,
      "job options" : {
        "name" : "bsweep_randread_64k",
        "filename" : "testfile",
        "rw" : "randread",
        "bs" : "64k",
        "ioengine" : "libaio",
        "iodepth" : "1",
        "direct" : "1",
        "size" : "10G",
        "runtime" : "30",
        "numjobs" : "1",
        "time_based" : "",
        "group_reporting" : ""
      },
      "read" : {
        "io_bytes" : 19796328448,
        "io_kbytes" : 19332352,
        "bw_bytes" : 659855619,
        "bw" : 644390,
        "iops" : 10068.597713,
        "runtime" : 30001,
        "total_ios" : 302068,
        "short_ios" : 0,
        "drop_ios" : 0,
        "slat_ns" : {
          "min" : 4420,
          "max" : 61000,
          "mean" : 4594.917750,
          "stddev" : 440.645928,
          "N" : 302068
        },
        "clat_ns" : {
          "min" : 77580,
          "max" : 8435379,
          "mean" : 94485.205186,
          "stddev" : 16598.536972,
          "N" : 302068,
          "percentile" : {
            "1.000000" : 85504,
            "5.000000" : 87552,
            "10.000000" : 87552,
            "20.000000" : 88576,
            "30.000000" : 93696,
            "40.000000" : 94720,
            "50.000000" : 94720,
            "60.000000" : 94720,
            "70.000000" : 94720,
            "80.000000" : 95744,
            "90.000000" : 103936,
            "95.000000" : 104960,
            "99.000000" : 108032,
            "99.500000" : 108032,
            "99.900000" : 126464,
            "99.950000" : 148480,
            "99.990000" : 228352
          }
        },
        "lat_ns" : {
          "min" : 83270,
          "max" : 8496379,
          "mean" : 99080.122936,
          "stddev" : 16703.224813,
          "N" : 302068
        },
        "bw_min" : 631040,
        "bw_max" : 647424,
        "bw_agg" : 100.000000,
        "bw_mean" : 644411.733333,
        "bw_dev" : 2512.200992,
        "bw_samples" : 60,
        "iops_min" : 9860,
        "iops_max" : 10116,
        "iops_mean" : 10068.933333,
        "iops_stddev" : 39.253141,
        "iops_samples" : 60
      },
      "write" : {
        "io_bytes" : 0,
        "io_kbytes" : 0,
        "bw_bytes" : 0,
        "bw" : 0,
        "iops" : 0.000000,
        "runtime" : 0,
        "total_ios" : 0,
        "short_ios" : 0,
        "drop_ios" : 0,
        "slat_ns" : {
          "min" : 0,
          "max" : 0,
          "mean" : 0.000000,
          "stddev" : 0.000000,
          "N" : 0
        },
        "clat_ns" : {
          "min" : 0,
          "max" : 0,
          "mean" : 0.000000,
          "stddev" : 0.000000,
          "N" : 0
        },
        "lat_ns" : {
          "min" : 0,
          "max" : 0,
          "mean" : 0.000000,
          "stddev" : 0.000000,
          "N" : 0
        },
        "bw_min" : 0,
        "bw_max" : 0,
        "bw_agg" : 0.000000,
        "bw_mean" : 0.000000,
        "bw_dev" : 0.000000,
        "bw_samples" : 0,
        "iops_min" : 0,
        "iops_max" : 0,
        "iops_mean" : 0.000000,
        "iops_stddev" : 0.000000,
        "iops_samples" : 0
      },
      "trim" : {
        "io_bytes" : 0,
        "io_kbytes" : 0,
        "bw_bytes" : 0,
        "bw" : 0,
        "iops" : 0.000000,
        "runtime" : 0,
        "total_ios" : 0,
        "short_ios" : 0,
        "drop_ios" : 0,
        "slat_ns" : {
          "min" : 0,
          "max" : 0,
          "mean" : 0.000000,
          "stddev" : 0.000000,
          "N" : 0
        },
        "clat_ns" : {
          "min" : 0,
          "max" : 0,
          "mean" : 0.000000,
          "stddev" : 0.000000,
          "N" : 0
        },
        "lat_ns" : {
          "min" : 0,
          "max" : 0,
          "mean" : 0.000000,
          "stddev" : 0.000000,
          "N" : 0
        },
        "bw_min" : 0,
        "bw_max" : 0,
        "bw_agg" : 0.000000,
        "bw_mean" : 0.000000,
        "bw_dev" : 0.000000,
        "bw_samples" : 0,
        "iops_min" : 0,
        "iops_max" : 0,
        "iops_mean" : 0.000000,
        "iops_stddev" : 0.000000,
        "iops_samples" : 0
      },
      "sync" : {
        "total_ios" : 0,
        "lat_ns" : {
          "min" : 0,
          "max" : 0,
          "mean" : 0.000000,
          "stddev" : 0.000000,
          "N" : 0
        }
      },
      "job_runtime" : 30000,
      "usr_cpu" : 0.516667,
      "sys_cpu" : 4.896667,
      "ctx" : 302087,
      "majf" : 0,
      "minf" : 24,
      "iodepth_level" : {
        "1" : 100.000000,
        "2" : 0.000000,
        "4" : 0.000000,
        "8" : 0.000000,
        "16" : 0.000000,
        "32" : 0.000000,
        ">=64" : 0.000000
      },
      "iodepth_submit" : {
        "0" : 0.000000,
        "4" : 100.000000,
        "8" : 0.000000,
        "16" : 0.000000,
        "32" : 0.000000,
        "64" : 0.000000,
        ">=64" : 0.000000
      },
      "iodepth_complete" : {
        "0" : 0.000000,
        "4" : 100.000000,
        "8" : 0.000000,
        "16" : 0.000000,
        "32" : 0.000000,
        "64" : 0.000000,
        ">=64" : 0.000000
      },
      "latency_ns" : {
        "2" : 0.000000,
        "4" : 0.000000,
        "10" : 0.000000,
        "20" : 0.000000,
        "50" : 0.000000,
        "100" : 0.000000,
        "250" : 0.000000,
        "500" : 0.000000,
        "750" : 0.000000,
        "1000" : 0.000000
      },
      "latency_us" : {
        "2" : 0.000000,
        "4" : 0.000000,
        "10" : 0.000000,
        "20" : 0.000000,
        "50" : 0.000000,
        "100" : 86.484831,
        "250" : 13.509872,
        "500" : 0.010000,
        "750" : 0.010000,
        "1000" : 0.010000
      },
      "latency_ms" : {
        "2" : 0.000000,
        "4" : 0.000000,
        "10" : 0.010000,
        "20" : 0.000000,
        "50" : 0.000000,
        "100" : 0.000000,
        "250" : 0.000000,
        "500" : 0.000000,
        "750" : 0.000000,
        "1000" : 0.000000,
        "2000" : 0.000000,
        ">=2000" : 0.000000
      },
      "latency_depth" : 1,
      "latency_target" : 0,
      "latency_percentile" : 100.000000,
      "latency_window" : 0
    }
  ],
  "disk_util" : [
    {
      "name" : "nvme0n1",
      "read_ios" : 301044,
      "write_ios" : 22,
      "read_sectors" : 38533632,
      "write_sectors" : 344,
      "read_merges" : 0,
      "write_merges" : 20,
      "read_ticks" : 28113,
      "write_ticks" : 24,
      "in_queue" : 28145,
      "util" : 95.028840
    }
  ]
}
