{
  "fio version" : "fio-3.39",
  "timestamp" : 1759361228,
  "timestamp_ms" : 1759361228997,
  "time" : "Wed Oct  1 19:27:08 2025",
  "jobs" : [
    {
      "jobname" : "bsweep_randread_128k",
      "groupid" : 0,
      "job_start" : 1759361198848,
      "error" : 0,
      "eta" : 0,
      "elapsed" : 31,
      "job options" : {
        "name" : "bsweep_randread_128k",
        "filename" : "testfile",
        "rw" : "randread",
        "bs" : "128k",
        "ioengine" : "libaio",
        "iodepth" : "1",
        "direct" : "1",
        "size" : "10G",
        "runtime" : "30",
        "numjobs" : "1",
        "time_based" : "",
        "group_reporting" : ""
      },
      "read" : {
        "io_bytes" : 35384197120,
        "io_kbytes" : 34554880,
        "bw_bytes" : 1179433922,
        "bw" : 1151790,
        "iops" : 8998.366721,
        "runtime" : 30001,
        "total_ios" : 269960,
        "short_ios" : 0,
        "drop_ios" : 0,
        "slat_ns" : {
          "min" : 6380,
          "max" : 92809,
          "mean" : 6554.715499,
          "stddev" : 487.829042,
          "N" : 269960
        },
        "clat_ns" : {
          "min" : 83919,
          "max" : 8414950,
          "mean" : 104344.016173,
          "stddev" : 17124.936006,
          "N" : 269960,
          "percentile" : {
            "1.000000" : 96768,
            "5.000000" : 100864,
            "10.000000" : 101888,
            "20.000000" : 102912,
            "30.000000" : 102912,
            "40.000000" : 102912,
            "50.000000" : 102912,
            "60.000000" : 102912,
            "70.000000" : 102912,
            "80.000000" : 103936,
            "90.000000" : 113152,
            "95.000000" : 115200,
            "99.000000" : 115200,
            "99.500000" : 116224,
            "99.900000" : 134144,
            "99.950000" : 156672,
            "99.990000" : 230400
          }
        },
        "lat_ns" : {
          "min" : 94779,
          "max" : 8507759,
          "mean" : 110898.731671,
          "stddev" : 17292.808778,
          "N" : 269960
        },
        "bw_min" : 1132288,
        "bw_max" : 1156352,
        "bw_agg" : 100.000000,
        "bw_mean" : 1151829.333333,
        "bw_dev" : 3360.274619,
        "bw_samples" : 60,
        "iops_min" : 8846,
        "iops_max" : 9034,
        "iops_mean" : 8998.666667,
        "iops_stddev" : 26.252145,
        "iops_samples" : 60
      },
      "write" : {
        "io_bytes" : 0,
        "io_kbytes" : 0,
        "bw_bytes" : 0,
        "bw" : 0,
        "iops" : 0.000000,
        "runtime" : 0,
        "total_ios" : 0,
        "short_ios" : 0,
        "drop_ios" : 0,
        "slat_ns" : {
          "min" : 0,
          "max" : 0,
          "mean" : 0.000000,
          "stddev" : 0.000000,
          "N" : 0
        },
        "clat_ns" : {
          "min" : 0,
          "max" : 0,
          "mean" : 0.000000,
          "stddev" : 0.000000,
          "N" : 0
        },
        "lat_ns" : {
          "min" : 0,
          "max" : 0,
          "mean" : 0.000000,
          "stddev" : 0.000000,
          "N" : 0
        },
        "bw_min" : 0,
        "bw_max" : 0,
        "bw_agg" : 0.000000,
        "bw_mean" : 0.000000,
        "bw_dev" : 0.000000,
        "bw_samples" : 0,
        "iops_min" : 0,
        "iops_max" : 0,
        "iops_mean" : 0.000000,
        "iops_stddev" : 0.000000,
        "iops_samples" : 0
      },
      "trim" : {
        "io_bytes" : 0,
        "io_kbytes" : 0,
        "bw_bytes" : 0,
        "bw" : 0,
        "iops" : 0.000000,
        "runtime" : 0,
        "total_ios" : 0,
        "short_ios" : 0,
        "drop_ios" : 0,
        "slat_ns" : {
          "min" : 0,
          "max" : 0,
          "mean" : 0.000000,
          "stddev" : 0.000000,
          "N" : 0
        },
        "clat_ns" : {
          "min" : 0,
          "max" : 0,
          "mean" : 0.000000,
          "stddev" : 0.000000,
          "N" : 0
        },
        "lat_ns" : {
          "min" : 0,
          "max" : 0,
          "mean" : 0.000000,
          "stddev" : 0.000000,
          "N" : 0
        },
        "bw_min" : 0,
        "bw_max" : 0,
        "bw_agg" : 0.000000,
        "bw_mean" : 0.000000,
        "bw_dev" : 0.000000,
        "bw_samples" : 0,
        "iops_min" : 0,
        "iops_max" : 0,
        "iops_mean" : 0.000000,
        "iops_stddev" : 0.000000,
        "iops_samples" : 0
      },
      "sync" : {
        "total_ios" : 0,
        "lat_ns" : {
          "min" : 0,
          "max" : 0,
          "mean" : 0.000000,
          "stddev" : 0.000000,
          "N" : 0
        }
      },
      "job_runtime" : 30000,
      "usr_cpu" : 0.296667,
      "sys_cpu" : 6.080000,
      "ctx" : 269978,
      "majf" : 0,
      "minf" : 41,
      "iodepth_level" : {
        "1" : 100.000000,
        "2" : 0.000000,
        "4" : 0.000000,
        "8" : 0.000000,
        "16" : 0.000000,
        "32" : 0.000000,
        ">=64" : 0.000000
      },
      "iodepth_submit" : {
        "0" : 0.000000,
        "4" : 100.000000,
        "8" : 0.000000,
        "16" : 0.000000,
        "32" : 0.000000,
        "64" : 0.000000,
        ">=64" : 0.000000
      },
      "iodepth_complete" : {
        "0" : 0.000000,
        "4" : 100.000000,
        "8" : 0.000000,
        "16" : 0.000000,
        "32" : 0.000000,
        "64" : 0.000000,
        ">=64" : 0.000000
      },
      "latency_ns" : {
        "2" : 0.000000,
        "4" : 0.000000,
        "10" : 0.000000,
        "20" : 0.000000,
        "50" : 0.000000,
        "100" : 0.000000,
        "250" : 0.000000,
        "500" : 0.000000,
        "750" : 0.000000,
        "1000" : 0.000000
      },
      "latency_us" : {
        "2" : 0.000000,
        "4" : 0.000000,
        "10" : 0.000000,
        "20" : 0.000000,
        "50" : 0.000000,
        "100" : 4.553638,
        "250" : 95.439695,
        "500" : 0.010000,
        "750" : 0.010000,
        "1000" : 0.010000
      },
      "latency_ms" : {
        "2" : 0.000000,
        "4" : 0.000000,
        "10" : 0.010000,
        "20" : 0.000000,
        "50" : 0.000000,
        "100" : 0.000000,
        "250" : 0.000000,
        "500" : 0.000000,
        "750" : 0.000000,
        "1000" : 0.000000,
        "2000" : 0.000000,
        ">=2000" : 0.000000
      },
      "latency_depth" : 1,
      "latency_target" : 0,
      "latency_percentile" : 100.000000,
      "latency_window" : 0
    }
  ],
  "disk_util" : [
    {
      "name" : "nvme0n1",
      "read_ios" : 269045,
      "write_ios" : 10,
      "read_sectors" : 68875520,
      "write_sectors" : 280,
      "read_merges" : 0,
      "write_merges" : 24,
      "read_ticks" : 27883,
      "write_ticks" : 24,
      "in_queue" : 27914,
      "util" : 94.892312
    }
  ]
}
