{
  "fio version" : "fio-3.39",
  "timestamp" : 1759361441,
  "timestamp_ms" : 1759361441743,
  "time" : "Wed Oct  1 19:30:41 2025",
  "jobs" : [
    {
      "jobname" : "bsweep_read_256k",
      "groupid" : 0,
      "job_start" : 1759361411594,
      "error" : 0,
      "eta" : 0,
      "elapsed" : 31,
      "job options" : {
        "name" : "bsweep_read_256k",
        "filename" : "testfile",
        "rw" : "read",
        "bs" : "256k",
        "ioengine" : "libaio",
        "iodepth" : "1",
        "direct" : "1",
        "size" : "10G",
        "runtime" : "30",
        "numjobs" : "1",
        "time_based" : "",
        "group_reporting" : ""
      },
      "read" : {
        "io_bytes" : 87749820416,
        "io_kbytes" : 85693184,
        "bw_bytes" : 2924896517,
        "bw" : 2856344,
        "iops" : 11157.594747,
        "runtime" : 30001,
        "total_ios" : 334739,
        "short_ios" : 0,
        "drop_ios" : 0,
        "slat_ns" : {
          "min" : 11680,
          "max" : 141559,
          "mean" : 11923.023251,
          "stddev" : 600.827052,
          "N" : 334739
        },
        "clat_ns" : {
          "min" : 47840,
          "max" : 8473380,
          "mean" : 77489.424235,
          "stddev" : 16539.283007,
          "N" : 334739,
          "percentile" : {
            "1.000000" : 71168,
            "5.000000" : 73216,
            "10.000000" : 74240,
            "20.000000" : 75264,
            "30.000000" : 75264,
            "40.000000" : 76288,
            "50.000000" : 76288,
            "60.000000" : 77312,
            "70.000000" : 77312,
            "80.000000" : 77312,
            "90.000000" : 78336,
            "95.000000" : 80384,
            "99.000000" : 114176,
            "99.500000" : 124416,
            "99.900000" : 162816,
            "99.950000" : 205824,
            "99.990000" : 268288
          }
        },
        "lat_ns" : {
          "min" : 72319,
          "max" : 8614939,
          "mean" : 89412.447486,
          "stddev" : 16738.195869,
          "N" : 334739
        },
        "bw_min" : 2807808,
        "bw_max" : 2870784,
        "bw_agg" : 100.000000,
        "bw_mean" : 2856439.466667,
        "bw_dev" : 10612.240773,
        "bw_samples" : 60,
        "iops_min" : 10968,
        "iops_max" : 11214,
        "iops_mean" : 11157.966667,
        "iops_stddev" : 41.454066,
        "iops_samples" : 60
      },
      "write" : {
        "io_bytes" : 0,
        "io_kbytes" : 0,
        "bw_bytes" : 0,
        "bw" : 0,
        "iops" : 0.000000,
        "runtime" : 0,
        "total_ios" : 0,
        "short_ios" : 0,
        "drop_ios" : 0,
        "slat_ns" : {
          "min" : 0,
          "max" : 0,
          "mean" : 0.000000,
          "stddev" : 0.000000,
          "N" : 0
        },
        "clat_ns" : {
          "min" : 0,
          "max" : 0,
          "mean" : 0.000000,
          "stddev" : 0.000000,
          "N" : 0
        },
        "lat_ns" : {
          "min" : 0,
          "max" : 0,
          "mean" : 0.000000,
          "stddev" : 0.000000,
          "N" : 0
        },
        "bw_min" : 0,
        "bw_max" : 0,
        "bw_agg" : 0.000000,
        "bw_mean" : 0.000000,
        "bw_dev" : 0.000000,
        "bw_samples" : 0,
        "iops_min" : 0,
        "iops_max" : 0,
        "iops_mean" : 0.000000,
        "iops_stddev" : 0.000000,
        "iops_samples" : 0
      },
      "trim" : {
        "io_bytes" : 0,
        "io_kbytes" : 0,
        "bw_bytes" : 0,
        "bw" : 0,
        "iops" : 0.000000,
        "runtime" : 0,
        "total_ios" : 0,
        "short_ios" : 0,
        "drop_ios" : 0,
        "slat_ns" : {
          "min" : 0,
          "max" : 0,
          "mean" : 0.000000,
          "stddev" : 0.000000,
          "N" : 0
        },
        "clat_ns" : {
          "min" : 0,
          "max" : 0,
          "mean" : 0.000000,
          "stddev" : 0.000000,
          "N" : 0
        },
        "lat_ns" : {
          "min" : 0,
          "max" : 0,
          "mean" : 0.000000,
          "stddev" : 0.000000,
          "N" : 0
        },
        "bw_min" : 0,
        "bw_max" : 0,
        "bw_agg" : 0.000000,
        "bw_mean" : 0.000000,
        "bw_dev" : 0.000000,
        "bw_samples" : 0,
        "iops_min" : 0,
        "iops_max" : 0,
        "iops_mean" : 0.000000,
        "iops_stddev" : 0.000000,
        "iops_samples" : 0
      },
      "sync" : {
        "total_ios" : 0,
        "lat_ns" : {
          "min" : 0,
          "max" : 0,
          "mean" : 0.000000,
          "stddev" : 0.000000,
          "N" : 0
        }
      },
      "job_runtime" : 30000,
      "usr_cpu" : 0.346667,
      "sys_cpu" : 13.723333,
      "ctx" : 334764,
      "majf" : 0,
      "minf" : 73,
      "iodepth_level" : {
        "1" : 100.000000,
        "2" : 0.000000,
        "4" : 0.000000,
        "8" : 0.000000,
        "16" : 0.000000,
        "32" : 0.000000,
        ">=64" : 0.000000
      },
      "iodepth_submit" : {
        "0" : 0.000000,
        "4" : 100.000000,
        "8" : 0.000000,
        "16" : 0.000000,
        "32" : 0.000000,
        "64" : 0.000000,
        ">=64" : 0.000000
      },
      "iodepth_complete" : {
        "0" : 0.000000,
        "4" : 100.000000,
        "8" : 0.000000,
        "16" : 0.000000,
        "32" : 0.000000,
        "64" : 0.000000,
        ">=64" : 0.000000
      },
      "latency_ns" : {
        "2" : 0.000000,
        "4" : 0.000000,
        "10" : 0.000000,
        "20" : 0.000000,
        "50" : 0.000000,
        "100" : 0.000000,
        "250" : 0.000000,
        "500" : 0.000000,
        "750" : 0.000000,
        "1000" : 0.000000
      },
      "latency_us" : {
        "2" : 0.000000,
        "4" : 0.000000,
        "10" : 0.000000,
        "20" : 0.000000,
        "50" : 0.010000,
        "100" : 97.832341,
        "250" : 2.149436,
        "500" : 0.015833,
        "750" : 0.010000,
        "1000" : 0.010000
      },
      "latency_ms" : {
        "2" : 0.000000,
        "4" : 0.000000,
        "10" : 0.010000,
        "20" : 0.000000,
        "50" : 0.000000,
        "100" : 0.000000,
        "250" : 0.000000,
        "500" : 0.000000,
        "750" : 0.000000,
        "1000" : 0.000000,
        "2000" : 0.000000,
        ">=2000" : 0.000000
      },
      "latency_depth" : 1,
      "latency_target" : 0,
      "latency_percentile" : 100.000000,
      "latency_window" : 0
    }
  ],
  "disk_util" : [
    {
      "name" : "nvme0n1",
      "read_ios" : 667210,
      "write_ios" : 17,
      "read_sectors" : 170805760,
      "write_sectors" : 288,
      "read_merges" : 0,
      "write_merges" : 18,
      "read_ticks" : 44222,
      "write_ticks" : 21,
      "in_queue" : 44249,
      "util" : 89.627926
    }
  ]
}
