{
  "fio version" : "fio-3.39",
  "timestamp" : 1759361350,
  "timestamp_ms" : 1759361350566,
  "time" : "Wed Oct  1 19:29:10 2025",
  "jobs" : [
    {
      "jobname" : "bsweep_read_32k",
      "groupid" : 0,
      "job_start" : 1759361320417,
      "error" : 0,
      "eta" : 0,
      "elapsed" : 31,
      "job options" : {
        "name" : "bsweep_read_32k",
        "filename" : "testfile",
        "rw" : "read",
        "bs" : "32k",
        "ioengine" : "libaio",
        "iodepth" : "1",
        "direct" : "1",
        "size" : "10G",
        "runtime" : "30",
        "numjobs" : "1",
        "time_based" : "",
        "group_reporting" : ""
      },
      "read" : {
        "io_bytes" : 45791281152,
        "io_kbytes" : 44718048,
        "bw_bytes" : 1526325160,
        "bw" : 1490551,
        "iops" : 46579.747342,
        "runtime" : 30001,
        "total_ios" : 1397439,
        "short_ios" : 0,
        "drop_ios" : 0,
        "slat_ns" : {
          "min" : 3260,
          "max" : 46249,
          "mean" : 3431.530558,
          "stddev" : 215.173666,
          "N" : 1397439
        },
        "clat_ns" : {
          "min" : 1700,
          "max" : 8413680,
          "mean" : 17845.091258,
          "stddev" : 8698.996426,
          "N" : 1397439,
          "percentile" : {
            "1.000000" : 16768,
            "5.000000" : 16768,
            "10.000000" : 17024,
            "20.000000" : 17024,
            "30.000000" : 17024,
            "40.000000" : 17280,
            "50.000000" : 17280,
            "60.000000" : 17536,
            "70.000000" : 17536,
            "80.000000" : 17536,
            "90.000000" : 17792,
            "95.000000" : 18048,
            "99.000000" : 24960,
            "99.500000" : 70144,
            "99.900000" : 79360,
            "99.950000" : 87552,
            "99.990000" : 99840
          }
        },
        "lat_ns" : {
          "min" : 19380,
          "max" : 8459929,
          "mean" : 21276.621816,
          "stddev" : 8733.559024,
          "N" : 1397439
        },
        "bw_min" : 1465792,
        "bw_max" : 1505024,
        "bw_agg" : 100.000000,
        "bw_mean" : 1490601.600000,
        "bw_dev" : 6849.260267,
        "bw_samples" : 60,
        "iops_min" : 45806,
        "iops_max" : 47032,
        "iops_mean" : 46581.300000,
        "iops_stddev" : 214.039383,
        "iops_samples" : 60
      },
      "write" : {
        "io_bytes" : 0,
        "io_kbytes" : 0,
        "bw_bytes" : 0,
        "bw" : 0,
        "iops" : 0.000000,
        "runtime" : 0,
        "total_ios" : 0,
        "short_ios" : 0,
        "drop_ios" : 0,
        "slat_ns" : {
          "min" : 0,
          "max" : 0,
          "mean" : 0.000000,
          "stddev" : 0.000000,
          "N" : 0
        },
        "clat_ns" : {
          "min" : 0,
          "max" : 0,
          "mean" : 0.000000,
          "stddev" : 0.000000,
          "N" : 0
        },
        "lat_ns" : {
          "min" : 0,
          "max" : 0,
          "mean" : 0.000000,
          "stddev" : 0.000000,
          "N" : 0
        },
        "bw_min" : 0,
        "bw_max" : 0,
        "bw_agg" : 0.000000,
        "bw_mean" : 0.000000,
        "bw_dev" : 0.000000,
        "bw_samples" : 0,
        "iops_min" : 0,
        "iops_max" : 0,
        "iops_mean" : 0.000000,
        "iops_stddev" : 0.000000,
        "iops_samples" : 0
      },
      "trim" : {
        "io_bytes" : 0,
        "io_kbytes" : 0,
        "bw_bytes" : 0,
        "bw" : 0,
        "iops" : 0.000000,
        "runtime" : 0,
        "total_ios" : 0,
        "short_ios" : 0,
        "drop_ios" : 0,
        "slat_ns" : {
          "min" : 0,
          "max" : 0,
          "mean" : 0.000000,
          "stddev" : 0.000000,
          "N" : 0
        },
        "clat_ns" : {
          "min" : 0,
          "max" : 0,
          "mean" : 0.000000,
          "stddev" : 0.000000,
          "N" : 0
        },
        "lat_ns" : {
          "min" : 0,
          "max" : 0,
          "mean" : 0.000000,
          "stddev" : 0.000000,
          "N" : 0
        },
        "bw_min" : 0,
        "bw_max" : 0,
        "bw_agg" : 0.000000,
        "bw_mean" : 0.000000,
        "bw_dev" : 0.000000,
        "bw_samples" : 0,
        "iops_min" : 0,
        "iops_max" : 0,
        "iops_mean" : 0.000000,
        "iops_stddev" : 0.000000,
        "iops_samples" : 0
      },
      "sync" : {
        "total_ios" : 0,
        "lat_ns" : {
          "min" : 0,
          "max" : 0,
          "mean" : 0.000000,
          "stddev" : 0.000000,
          "N" : 0
        }
      },
      "job_runtime" : 30000,
      "usr_cpu" : 1.833333,
      "sys_cpu" : 18.243333,
      "ctx" : 1397654,
      "majf" : 0,
      "minf" : 19,
      "iodepth_level" : {
        "1" : 100.000000,
        "2" : 0.000000,
        "4" : 0.000000,
        "8" : 0.000000,
        "16" : 0.000000,
        "32" : 0.000000,
        ">=64" : 0.000000
      },
      "iodepth_submit" : {
        "0" : 0.000000,
        "4" : 100.000000,
        "8" : 0.000000,
        "16" : 0.000000,
        "32" : 0.000000,
        "64" : 0.000000,
        ">=64" : 0.000000
      },
      "iodepth_complete" : {
        "0" : 0.000000,
        "4" : 100.000000,
        "8" : 0.000000,
        "16" : 0.000000,
        "32" : 0.000000,
        "64" : 0.000000,
        ">=64" : 0.000000
      },
      "latency_ns" : {
        "2" : 0.000000,
        "4" : 0.000000,
        "10" : 0.000000,
        "20" : 0.000000,
        "50" : 0.000000,
        "100" : 0.000000,
        "250" : 0.000000,
        "500" : 0.000000,
        "750" : 0.000000,
        "1000" : 0.000000
      },
      "latency_us" : {
        "2" : 0.010000,
        "4" : 0.000000,
        "10" : 0.010000,
        "20" : 98.168364,
        "50" : 1.072963,
        "100" : 0.747797,
        "250" : 0.010000,
        "500" : 0.010000,
        "750" : 0.010000,
        "1000" : 0.000000
      },
      "latency_ms" : {
        "2" : 0.000000,
        "4" : 0.000000,
        "10" : 0.010000,
        "20" : 0.000000,
        "50" : 0.000000,
        "100" : 0.000000,
        "250" : 0.000000,
        "500" : 0.000000,
        "750" : 0.000000,
        "1000" : 0.000000,
        "2000" : 0.000000,
        ">=2000" : 0.000000
      },
      "latency_depth" : 1,
      "latency_target" : 0,
      "latency_percentile" : 100.000000,
      "latency_window" : 0
    }
  ],
  "disk_util" : [
    {
      "name" : "nvme0n1",
      "read_ios" : 1392693,
      "write_ios" : 60,
      "read_sectors" : 89132352,
      "write_sectors" : 1392,
      "read_merges" : 0,
      "write_merges" : 25,
      "read_ticks" : 22842,
      "write_ticks" : 27,
      "in_queue" : 22877,
      "util" : 80.458774
    }
  ]
}
