{
  "fio version" : "fio-3.39",
  "timestamp" : 1759361137,
  "timestamp_ms" : 1759361137819,
  "time" : "Wed Oct  1 19:25:37 2025",
  "jobs" : [
    {
      "jobname" : "bsweep_randread_16k",
      "groupid" : 0,
      "job_start" : 1759361107670,
      "error" : 0,
      "eta" : 0,
      "elapsed" : 31,
      "job options" : {
        "name" : "bsweep_randread_16k",
        "filename" : "testfile",
        "rw" : "randread",
        "bs" : "16k",
        "ioengine" : "libaio",
        "iodepth" : "1",
        "direct" : "1",
        "size" : "10G",
        "runtime" : "30",
        "numjobs" : "1",
        "time_based" : "",
        "group_reporting" : ""
      },
      "read" : {
        "io_bytes" : 5364219904,
        "io_kbytes" : 5238496,
        "bw_bytes" : 178801370,
        "bw" : 174610,
        "iops" : 10913.169561,
        "runtime" : 30001,
        "total_ios" : 327406,
        "short_ios" : 0,
        "drop_ios" : 0,
        "slat_ns" : {
          "min" : 2770,
          "max" : 38280,
          "mean" : 2848.534789,
          "stddev" : 244.172974,
          "N" : 327406
        },
        "clat_ns" : {
          "min" : 72170,
          "max" : 8416869,
          "mean" : 88551.327114,
          "stddev" : 15149.465045,
          "N" : 327406,
          "percentile" : {
            "1.000000" : 81408,
            "5.000000" : 84480,
            "10.000000" : 87552,
            "20.000000" : 87552,
            "30.000000" : 87552,
            "40.000000" : 88576,
            "50.000000" : 88576,
            "60.000000" : 89600,
            "70.000000" : 89600,
            "80.000000" : 89600,
            "90.000000" : 90624,
            "95.000000" : 90624,
            "99.000000" : 90624,
            "99.500000" : 92672,
            "99.900000" : 105984,
            "99.950000" : 113152,
            "99.990000" : 185344
          }
        },
        "lat_ns" : {
          "min" : 75000,
          "max" : 8455149,
          "mean" : 91399.861902,
          "stddev" : 15211.382526,
          "N" : 327406
        },
        "bw_min" : 171872,
        "bw_max" : 175072,
        "bw_agg" : 100.000000,
        "bw_mean" : 174616.533333,
        "bw_dev" : 474.759795,
        "bw_samples" : 60,
        "iops_min" : 10742,
        "iops_max" : 10942,
        "iops_mean" : 10913.533333,
        "iops_stddev" : 29.672487,
        "iops_samples" : 60
      },
      "write" : {
        "io_bytes" : 0,
        "io_kbytes" : 0,
        "bw_bytes" : 0,
        "bw" : 0,
        "iops" : 0.000000,
        "runtime" : 0,
        "total_ios" : 0,
        "short_ios" : 0,
        "drop_ios" : 0,
        "slat_ns" : {
          "min" : 0,
          "max" : 0,
          "mean" : 0.000000,
          "stddev" : 0.000000,
          "N" : 0
        },
        "clat_ns" : {
          "min" : 0,
          "max" : 0,
          "mean" : 0.000000,
          "stddev" : 0.000000,
          "N" : 0
        },
        "lat_ns" : {
          "min" : 0,
          "max" : 0,
          "mean" : 0.000000,
          "stddev" : 0.000000,
          "N" : 0
        },
        "bw_min" : 0,
        "bw_max" : 0,
        "bw_agg" : 0.000000,
        "bw_mean" : 0.000000,
        "bw_dev" : 0.000000,
        "bw_samples" : 0,
        "iops_min" : 0,
        "iops_max" : 0,
        "iops_mean" : 0.000000,
        "iops_stddev" : 0.000000,
        "iops_samples" : 0
      },
      "trim" : {
        "io_bytes" : 0,
        "io_kbytes" : 0,
        "bw_bytes" : 0,
        "bw" : 0,
        "iops" : 0.000000,
        "runtime" : 0,
        "total_ios" : 0,
        "short_ios" : 0,
        "drop_ios" : 0,
        "slat_ns" : {
          "min" : 0,
          "max" : 0,
          "mean" : 0.000000,
          "stddev" : 0.000000,
          "N" : 0
        },
        "clat_ns" : {
          "min" : 0,
          "max" : 0,
          "mean" : 0.000000,
          "stddev" : 0.000000,
          "N" : 0
        },
        "lat_ns" : {
          "min" : 0,
          "max" : 0,
          "mean" : 0.000000,
          "stddev" : 0.000000,
          "N" : 0
        },
        "bw_min" : 0,
        "bw_max" : 0,
        "bw_agg" : 0.000000,
        "bw_mean" : 0.000000,
        "bw_dev" : 0.000000,
        "bw_samples" : 0,
        "iops_min" : 0,
        "iops_max" : 0,
        "iops_mean" : 0.000000,
        "iops_stddev" : 0.000000,
        "iops_samples" : 0
      },
      "sync" : {
        "total_ios" : 0,
        "lat_ns" : {
          "min" : 0,
          "max" : 0,
          "mean" : 0.000000,
          "stddev" : 0.000000,
          "N" : 0
        }
      },
      "job_runtime" : 30000,
      "usr_cpu" : 0.536667,
      "sys_cpu" : 3.663333,
      "ctx" : 327416,
      "majf" : 0,
      "minf" : 12,
      "iodepth_level" : {
        "1" : 100.000000,
        "2" : 0.000000,
        "4" : 0.000000,
        "8" : 0.000000,
        "16" : 0.000000,
        "32" : 0.000000,
        ">=64" : 0.000000
      },
      "iodepth_submit" : {
        "0" : 0.000000,
        "4" : 100.000000,
        "8" : 0.000000,
        "16" : 0.000000,
        "32" : 0.000000,
        "64" : 0.000000,
        ">=64" : 0.000000
      },
      "iodepth_complete" : {
        "0" : 0.000000,
        "4" : 100.000000,
        "8" : 0.000000,
        "16" : 0.000000,
        "32" : 0.000000,
        "64" : 0.000000,
        ">=64" : 0.000000
      },
      "latency_ns" : {
        "2" : 0.000000,
        "4" : 0.000000,
        "10" : 0.000000,
        "20" : 0.000000,
        "50" : 0.000000,
        "100" : 0.000000,
        "250" : 0.000000,
        "500" : 0.000000,
        "750" : 0.000000,
        "1000" : 0.000000
      },
      "latency_us" : {
        "2" : 0.000000,
        "4" : 0.000000,
        "10" : 0.000000,
        "20" : 0.000000,
        "50" : 0.000000,
        "100" : 99.764207,
        "250" : 0.230906,
        "500" : 0.010000,
        "750" : 0.010000,
        "1000" : 0.010000
      },
      "latency_ms" : {
        "2" : 0.000000,
        "4" : 0.000000,
        "10" : 0.010000,
        "20" : 0.000000,
        "50" : 0.000000,
        "100" : 0.000000,
        "250" : 0.000000,
        "500" : 0.000000,
        "750" : 0.000000,
        "1000" : 0.000000,
        "2000" : 0.000000,
        ">=2000" : 0.000000
      },
      "latency_depth" : 1,
      "latency_target" : 0,
      "latency_percentile" : 100.000000,
      "latency_window" : 0
    }
  ],
  "disk_util" : [
    {
      "name" : "nvme0n1",
      "read_ios" : 326301,
      "write_ios" : 23,
      "read_sectors" : 10441632,
      "write_sectors" : 336,
      "read_merges" : 0,
      "write_merges" : 19,
      "read_ticks" : 28353,
      "write_ticks" : 25,
      "in_queue" : 28384,
      "util" : 95.675802
    }
  ]
}
