{
  "fio version" : "fio-3.39",
  "timestamp" : 1759361259,
  "timestamp_ms" : 1759361259390,
  "time" : "Wed Oct  1 19:27:39 2025",
  "jobs" : [
    {
      "jobname" : "bsweep_randread_256k",
      "groupid" : 0,
      "job_start" : 1759361229241,
      "error" : 0,
      "eta" : 0,
      "elapsed" : 31,
      "job options" : {
        "name" : "bsweep_randread_256k",
        "filename" : "testfile",
        "rw" : "randread",
        "bs" : "256k",
        "ioengine" : "libaio",
        "iodepth" : "1",
        "direct" : "1",
        "size" : "10G",
        "runtime" : "30",
        "numjobs" : "1",
        "time_based" : "",
        "group_reporting" : ""
      },
      "read" : {
        "io_bytes" : 63050612736,
        "io_kbytes" : 61572864,
        "bw_bytes" : 2101617037,
        "bw" : 2052360,
        "iops" : 8017.032766,
        "runtime" : 30001,
        "total_ios" : 240519,
        "short_ios" : 0,
        "drop_ios" : 0,
        "slat_ns" : {
          "min" : 10610,
          "max" : 151009,
          "mean" : 10853.215093,
          "stddev" : 695.967802,
          "N" : 240519
        },
        "clat_ns" : {
          "min" : 95520,
          "max" : 8419900,
          "mean" : 113642.644660,
          "stddev" : 18963.879663,
          "N" : 240519,
          "percentile" : {
            "1.000000" : 104960,
            "5.000000" : 108032,
            "10.000000" : 109056,
            "20.000000" : 109056,
            "30.000000" : 110080,
            "40.000000" : 110080,
            "50.000000" : 111104,
            "60.000000" : 113152,
            "70.000000" : 114176,
            "80.000000" : 116224,
            "90.000000" : 122368,
            "95.000000" : 126464,
            "99.000000" : 132096,
            "99.500000" : 136192,
            "99.900000" : 199680,
            "99.950000" : 230400,
            "99.990000" : 301056
          }
        },
        "lat_ns" : {
          "min" : 108809,
          "max" : 8570909,
          "mean" : 124495.859753,
          "stddev" : 19233.359386,
          "N" : 240519
        },
        "bw_min" : 2004480,
        "bw_max" : 2115072,
        "bw_agg" : 100.000000,
        "bw_mean" : 2052428.800000,
        "bw_dev" : 18904.162602,
        "bw_samples" : 60,
        "iops_min" : 7830,
        "iops_max" : 8262,
        "iops_mean" : 8017.300000,
        "iops_stddev" : 73.844385,
        "iops_samples" : 60
      },
      "write" : {
        "io_bytes" : 0,
        "io_kbytes" : 0,
        "bw_bytes" : 0,
        "bw" : 0,
        "iops" : 0.000000,
        "runtime" : 0,
        "total_ios" : 0,
        "short_ios" : 0,
        "drop_ios" : 0,
        "slat_ns" : {
          "min" : 0,
          "max" : 0,
          "mean" : 0.000000,
          "stddev" : 0.000000,
          "N" : 0
        },
        "clat_ns" : {
          "min" : 0,
          "max" : 0,
          "mean" : 0.000000,
          "stddev" : 0.000000,
          "N" : 0
        },
        "lat_ns" : {
          "min" : 0,
          "max" : 0,
          "mean" : 0.000000,
          "stddev" : 0.000000,
          "N" : 0
        },
        "bw_min" : 0,
        "bw_max" : 0,
        "bw_agg" : 0.000000,
        "bw_mean" : 0.000000,
        "bw_dev" : 0.000000,
        "bw_samples" : 0,
        "iops_min" : 0,
        "iops_max" : 0,
        "iops_mean" : 0.000000,
        "iops_stddev" : 0.000000,
        "iops_samples" : 0
      },
      "trim" : {
        "io_bytes" : 0,
        "io_kbytes" : 0,
        "bw_bytes" : 0,
        "bw" : 0,
        "iops" : 0.000000,
        "runtime" : 0,
        "total_ios" : 0,
        "short_ios" : 0,
        "drop_ios" : 0,
        "slat_ns" : {
          "min" : 0,
          "max" : 0,
          "mean" : 0.000000,
          "stddev" : 0.000000,
          "N" : 0
        },
        "clat_ns" : {
          "min" : 0,
          "max" : 0,
          "mean" : 0.000000,
          "stddev" : 0.000000,
          "N" : 0
        },
        "lat_ns" : {
          "min" : 0,
          "max" : 0,
          "mean" : 0.000000,
          "stddev" : 0.000000,
          "N" : 0
        },
        "bw_min" : 0,
        "bw_max" : 0,
        "bw_agg" : 0.000000,
        "bw_mean" : 0.000000,
        "bw_dev" : 0.000000,
        "bw_samples" : 0,
        "iops_min" : 0,
        "iops_max" : 0,
        "iops_mean" : 0.000000,
        "iops_stddev" : 0.000000,
        "iops_samples" : 0
      },
      "sync" : {
        "total_ios" : 0,
        "lat_ns" : {
          "min" : 0,
          "max" : 0,
          "mean" : 0.000000,
          "stddev" : 0.000000,
          "N" : 0
        }
      },
      "job_runtime" : 30000,
      "usr_cpu" : 0.306667,
      "sys_cpu" : 9.083333,
      "ctx" : 240547,
      "majf" : 0,
      "minf" : 73,
      "iodepth_level" : {
        "1" : 100.000000,
        "2" : 0.000000,
        "4" : 0.000000,
        "8" : 0.000000,
        "16" : 0.000000,
        "32" : 0.000000,
        ">=64" : 0.000000
      },
      "iodepth_submit" : {
        "0" : 0.000000,
        "4" : 100.000000,
        "8" : 0.000000,
        "16" : 0.000000,
        "32" : 0.000000,
        "64" : 0.000000,
        ">=64" : 0.000000
      },
      "iodepth_complete" : {
        "0" : 0.000000,
        "4" : 100.000000,
        "8" : 0.000000,
        "16" : 0.000000,
        "32" : 0.000000,
        "64" : 0.000000,
        ">=64" : 0.000000
      },
      "latency_ns" : {
        "2" : 0.000000,
        "4" : 0.000000,
        "10" : 0.000000,
        "20" : 0.000000,
        "50" : 0.000000,
        "100" : 0.000000,
        "250" : 0.000000,
        "500" : 0.000000,
        "750" : 0.000000,
        "1000" : 0.000000
      },
      "latency_us" : {
        "2" : 0.000000,
        "4" : 0.000000,
        "10" : 0.000000,
        "20" : 0.000000,
        "50" : 0.000000,
        "100" : 0.157992,
        "250" : 99.810410,
        "500" : 0.027856,
        "750" : 0.000000,
        "1000" : 0.010000
      },
      "latency_ms" : {
        "2" : 0.000000,
        "4" : 0.000000,
        "10" : 0.010000,
        "20" : 0.000000,
        "50" : 0.000000,
        "100" : 0.000000,
        "250" : 0.000000,
        "500" : 0.000000,
        "750" : 0.000000,
        "1000" : 0.000000,
        "2000" : 0.000000,
        ">=2000" : 0.000000
      },
      "latency_depth" : 1,
      "latency_target" : 0,
      "latency_percentile" : 100.000000,
      "latency_window" : 0
    }
  ],
  "disk_util" : [
    {
      "name" : "nvme0n1",
      "read_ios" : 479408,
      "write_ios" : 45,
      "read_sectors" : 122728448,
      "write_sectors" : 1032,
      "read_merges" : 0,
      "write_merges" : 20,
      "read_ticks" : 50641,
      "write_ticks" : 25,
      "in_queue" : 50672,
      "util" : 92.574687
    }
  ]
}
