{
  "fio version" : "fio-3.39",
  "timestamp" : 1759361411,
  "timestamp_ms" : 1759361411351,
  "time" : "Wed Oct  1 19:30:11 2025",
  "jobs" : [
    {
      "jobname" : "bsweep_read_128k",
      "groupid" : 0,
      "job_start" : 1759361381202,
      "error" : 0,
      "eta" : 0,
      "elapsed" : 31,
      "job options" : {
        "name" : "bsweep_read_128k",
        "filename" : "testfile",
        "rw" : "read",
        "bs" : "128k",
        "ioengine" : "libaio",
        "iodepth" : "1",
        "direct" : "1",
        "size" : "10G",
        "runtime" : "30",
        "numjobs" : "1",
        "time_based" : "",
        "group_reporting" : ""
      },
      "read" : {
        "io_bytes" : 83292979200,
        "io_kbytes" : 81340800,
        "bw_bytes" : 2776340095,
        "bw" : 2711269,
        "iops" : 21181.793940,
        "runtime" : 30001,
        "total_ios" : 635475,
        "short_ios" : 0,
        "drop_ios" : 0,
        "slat_ns" : {
          "min" : 6190,
          "max" : 89380,
          "mean" : 6338.332727,
          "stddev" : 294.696187,
          "N" : 635475
        },
        "clat_ns" : {
          "min" : 24390,
          "max" : 8428989,
          "mean" : 40678.332680,
          "stddev" : 14525.892883,
          "N" : 635475,
          "percentile" : {
            "1.000000" : 37120,
            "5.000000" : 37632,
            "10.000000" : 37632,
            "20.000000" : 38144,
            "30.000000" : 38144,
            "40.000000" : 38144,
            "50.000000" : 38656,
            "60.000000" : 38656,
            "70.000000" : 38656,
            "80.000000" : 39168,
            "90.000000" : 39680,
            "95.000000" : 57600,
            "99.000000" : 89600,
            "99.500000" : 90624,
            "99.900000" : 100864,
            "99.950000" : 117248,
            "99.990000" : 177152
          }
        },
        "lat_ns" : {
          "min" : 42380,
          "max" : 8518369,
          "mean" : 47016.665408,
          "stddev" : 14605.516794,
          "N" : 635475
        },
        "bw_min" : 2631936,
        "bw_max" : 2781184,
        "bw_agg" : 100.000000,
        "bw_mean" : 2711360.000000,
        "bw_dev" : 26583.734872,
        "bw_samples" : 60,
        "iops_min" : 20562,
        "iops_max" : 21728,
        "iops_mean" : 21182.500000,
        "iops_stddev" : 207.685429,
        "iops_samples" : 60
      },
      "write" : {
        "io_bytes" : 0,
        "io_kbytes" : 0,
        "bw_bytes" : 0,
        "bw" : 0,
        "iops" : 0.000000,
        "runtime" : 0,
        "total_ios" : 0,
        "short_ios" : 0,
        "drop_ios" : 0,
        "slat_ns" : {
          "min" : 0,
          "max" : 0,
          "mean" : 0.000000,
          "stddev" : 0.000000,
          "N" : 0
        },
        "clat_ns" : {
          "min" : 0,
          "max" : 0,
          "mean" : 0.000000,
          "stddev" : 0.000000,
          "N" : 0
        },
        "lat_ns" : {
          "min" : 0,
          "max" : 0,
          "mean" : 0.000000,
          "stddev" : 0.000000,
          "N" : 0
        },
        "bw_min" : 0,
        "bw_max" : 0,
        "bw_agg" : 0.000000,
        "bw_mean" : 0.000000,
        "bw_dev" : 0.000000,
        "bw_samples" : 0,
        "iops_min" : 0,
        "iops_max" : 0,
        "iops_mean" : 0.000000,
        "iops_stddev" : 0.000000,
        "iops_samples" : 0
      },
      "trim" : {
        "io_bytes" : 0,
        "io_kbytes" : 0,
        "bw_bytes" : 0,
        "bw" : 0,
        "iops" : 0.000000,
        "runtime" : 0,
        "total_ios" : 0,
        "short_ios" : 0,
        "drop_ios" : 0,
        "slat_ns" : {
          "min" : 0,
          "max" : 0,
          "mean" : 0.000000,
          "stddev" : 0.000000,
          "N" : 0
        },
        "clat_ns" : {
          "min" : 0,
          "max" : 0,
          "mean" : 0.000000,
          "stddev" : 0.000000,
          "N" : 0
        },
        "lat_ns" : {
          "min" : 0,
          "max" : 0,
          "mean" : 0.000000,
          "stddev" : 0.000000,
          "N" : 0
        },
        "bw_min" : 0,
        "bw_max" : 0,
        "bw_agg" : 0.000000,
        "bw_mean" : 0.000000,
        "bw_dev" : 0.000000,
        "bw_samples" : 0,
        "iops_min" : 0,
        "iops_max" : 0,
        "iops_mean" : 0.000000,
        "iops_stddev" : 0.000000,
        "iops_samples" : 0
      },
      "sync" : {
        "total_ios" : 0,
        "lat_ns" : {
          "min" : 0,
          "max" : 0,
          "mean" : 0.000000,
          "stddev" : 0.000000,
          "N" : 0
        }
      },
      "job_runtime" : 30000,
      "usr_cpu" : 0.766667,
      "sys_cpu" : 13.730000,
      "ctx" : 635490,
      "majf" : 0,
      "minf" : 42,
      "iodepth_level" : {
        "1" : 100.000000,
        "2" : 0.000000,
        "4" : 0.000000,
        "8" : 0.000000,
        "16" : 0.000000,
        "32" : 0.000000,
        ">=64" : 0.000000
      },
      "iodepth_submit" : {
        "0" : 0.000000,
        "4" : 100.000000,
        "8" : 0.000000,
        "16" : 0.000000,
        "32" : 0.000000,
        "64" : 0.000000,
        ">=64" : 0.000000
      },
      "iodepth_complete" : {
        "0" : 0.000000,
        "4" : 100.000000,
        "8" : 0.000000,
        "16" : 0.000000,
        "32" : 0.000000,
        "64" : 0.000000,
        ">=64" : 0.000000
      },
      "latency_ns" : {
        "2" : 0.000000,
        "4" : 0.000000,
        "10" : 0.000000,
        "20" : 0.000000,
        "50" : 0.000000,
        "100" : 0.000000,
        "250" : 0.000000,
        "500" : 0.000000,
        "750" : 0.000000,
        "1000" : 0.000000
      },
      "latency_us" : {
        "2" : 0.000000,
        "4" : 0.000000,
        "10" : 0.000000,
        "20" : 0.000000,
        "50" : 94.716393,
        "100" : 5.156615,
        "250" : 0.124002,
        "500" : 0.010000,
        "750" : 0.010000,
        "1000" : 0.000000
      },
      "latency_ms" : {
        "2" : 0.000000,
        "4" : 0.000000,
        "10" : 0.010000,
        "20" : 0.000000,
        "50" : 0.000000,
        "100" : 0.000000,
        "250" : 0.000000,
        "500" : 0.000000,
        "750" : 0.000000,
        "1000" : 0.000000,
        "2000" : 0.000000,
        ">=2000" : 0.000000
      },
      "latency_depth" : 1,
      "latency_target" : 0,
      "latency_percentile" : 100.000000,
      "latency_window" : 0
    }
  ],
  "disk_util" : [
    {
      "name" : "nvme0n1",
      "read_ios" : 633325,
      "write_ios" : 45,
      "read_sectors" : 162131200,
      "write_sectors" : 1224,
      "read_merges" : 0,
      "write_merges" : 27,
      "read_ticks" : 25220,
      "write_ticks" : 34,
      "in_queue" : 25263,
      "util" : 86.659776
    }
  ]
}
