{
  "fio version" : "fio-3.39",
  "timestamp" : 1759361380,
  "timestamp_ms" : 1759361380958,
  "time" : "Wed Oct  1 19:29:40 2025",
  "jobs" : [
    {
      "jobname" : "bsweep_read_64k",
      "groupid" : 0,
      "job_start" : 1759361350809,
      "error" : 0,
      "eta" : 0,
      "elapsed" : 31,
      "job options" : {
        "name" : "bsweep_read_64k",
        "filename" : "testfile",
        "rw" : "read",
        "bs" : "64k",
        "ioengine" : "libaio",
        "iodepth" : "1",
        "direct" : "1",
        "size" : "10G",
        "runtime" : "30",
        "numjobs" : "1",
        "time_based" : "",
        "group_reporting" : ""
      },
      "read" : {
        "io_bytes" : 66548858880,
        "io_kbytes" : 64989120,
        "bw_bytes" : 2218221355,
        "bw" : 2166231,
        "iops" : 33847.371754,
        "runtime" : 30001,
        "total_ios" : 1015455,
        "short_ios" : 0,
        "drop_ios" : 0,
        "slat_ns" : {
          "min" : 4290,
          "max" : 56919,
          "mean" : 4375.462460,
          "stddev" : 259.484579,
          "N" : 1015455
        },
        "clat_ns" : {
          "min" : 7020,
          "max" : 8404240,
          "mean" : 24978.473860,
          "stddev" : 10854.469560,
          "N" : 1015455,
          "percentile" : {
            "1.000000" : 23424,
            "5.000000" : 23680,
            "10.000000" : 23680,
            "20.000000" : 23936,
            "30.000000" : 23936,
            "40.000000" : 23936,
            "50.000000" : 24192,
            "60.000000" : 24192,
            "70.000000" : 24448,
            "80.000000" : 24448,
            "90.000000" : 24704,
            "95.000000" : 24960,
            "99.000000" : 82432,
            "99.500000" : 87552,
            "99.900000" : 91648,
            "99.950000" : 95744,
            "99.990000" : 118272
          }
        },
        "lat_ns" : {
          "min" : 27189,
          "max" : 8461159,
          "mean" : 29353.936320,
          "stddev" : 10900.936213,
          "N" : 1015455
        },
        "bw_min" : 2122368,
        "bw_max" : 2192384,
        "bw_agg" : 100.000000,
        "bw_mean" : 2166304.000000,
        "bw_dev" : 12480.739830,
        "bw_samples" : 60,
        "iops_min" : 33162,
        "iops_max" : 34256,
        "iops_mean" : 33848.500000,
        "iops_stddev" : 195.011560,
        "iops_samples" : 60
      },
      "write" : {
        "io_bytes" : 0,
        "io_kbytes" : 0,
        "bw_bytes" : 0,
        "bw" : 0,
        "iops" : 0.000000,
        "runtime" : 0,
        "total_ios" : 0,
        "short_ios" : 0,
        "drop_ios" : 0,
        "slat_ns" : {
          "min" : 0,
          "max" : 0,
          "mean" : 0.000000,
          "stddev" : 0.000000,
          "N" : 0
        },
        "clat_ns" : {
          "min" : 0,
          "max" : 0,
          "mean" : 0.000000,
          "stddev" : 0.000000,
          "N" : 0
        },
        "lat_ns" : {
          "min" : 0,
          "max" : 0,
          "mean" : 0.000000,
          "stddev" : 0.000000,
          "N" : 0
        },
        "bw_min" : 0,
        "bw_max" : 0,
        "bw_agg" : 0.000000,
        "bw_mean" : 0.000000,
        "bw_dev" : 0.000000,
        "bw_samples" : 0,
        "iops_min" : 0,
        "iops_max" : 0,
        "iops_mean" : 0.000000,
        "iops_stddev" : 0.000000,
        "iops_samples" : 0
      },
      "trim" : {
        "io_bytes" : 0,
        "io_kbytes" : 0,
        "bw_bytes" : 0,
        "bw" : 0,
        "iops" : 0.000000,
        "runtime" : 0,
        "total_ios" : 0,
        "short_ios" : 0,
        "drop_ios" : 0,
        "slat_ns" : {
          "min" : 0,
          "max" : 0,
          "mean" : 0.000000,
          "stddev" : 0.000000,
          "N" : 0
        },
        "clat_ns" : {
          "min" : 0,
          "max" : 0,
          "mean" : 0.000000,
          "stddev" : 0.000000,
          "N" : 0
        },
        "lat_ns" : {
          "min" : 0,
          "max" : 0,
          "mean" : 0.000000,
          "stddev" : 0.000000,
          "N" : 0
        },
        "bw_min" : 0,
        "bw_max" : 0,
        "bw_agg" : 0.000000,
        "bw_mean" : 0.000000,
        "bw_dev" : 0.000000,
        "bw_samples" : 0,
        "iops_min" : 0,
        "iops_max" : 0,
        "iops_mean" : 0.000000,
        "iops_stddev" : 0.000000,
        "iops_samples" : 0
      },
      "sync" : {
        "total_ios" : 0,
        "lat_ns" : {
          "min" : 0,
          "max" : 0,
          "mean" : 0.000000,
          "stddev" : 0.000000,
          "N" : 0
        }
      },
      "job_runtime" : 30000,
      "usr_cpu" : 1.490000,
      "sys_cpu" : 15.843333,
      "ctx" : 1015521,
      "majf" : 0,
      "minf" : 24,
      "iodepth_level" : {
        "1" : 100.000000,
        "2" : 0.000000,
        "4" : 0.000000,
        "8" : 0.000000,
        "16" : 0.000000,
        "32" : 0.000000,
        ">=64" : 0.000000
      },
      "iodepth_submit" : {
        "0" : 0.000000,
        "4" : 100.000000,
        "8" : 0.000000,
        "16" : 0.000000,
        "32" : 0.000000,
        "64" : 0.000000,
        ">=64" : 0.000000
      },
      "iodepth_complete" : {
        "0" : 0.000000,
        "4" : 100.000000,
        "8" : 0.000000,
        "16" : 0.000000,
        "32" : 0.000000,
        "64" : 0.000000,
        ">=64" : 0.000000
      },
      "latency_ns" : {
        "2" : 0.000000,
        "4" : 0.000000,
        "10" : 0.000000,
        "20" : 0.000000,
        "50" : 0.000000,
        "100" : 0.000000,
        "250" : 0.000000,
        "500" : 0.000000,
        "750" : 0.000000,
        "1000" : 0.000000
      },
      "latency_us" : {
        "2" : 0.000000,
        "4" : 0.000000,
        "10" : 0.010000,
        "20" : 0.010000,
        "50" : 98.861102,
        "100" : 1.114082,
        "250" : 0.022650,
        "500" : 0.010000,
        "750" : 0.010000,
        "1000" : 0.000000
      },
      "latency_ms" : {
        "2" : 0.000000,
        "4" : 0.000000,
        "10" : 0.010000,
        "20" : 0.000000,
        "50" : 0.000000,
        "100" : 0.000000,
        "250" : 0.000000,
        "500" : 0.000000,
        "750" : 0.000000,
        "1000" : 0.000000,
        "2000" : 0.000000,
        ">=2000" : 0.000000
      },
      "latency_depth" : 1,
      "latency_target" : 0,
      "latency_percentile" : 100.000000,
      "latency_window" : 0
    }
  ],
  "disk_util" : [
    {
      "name" : "nvme0n1",
      "read_ios" : 1012030,
      "write_ios" : 28,
      "read_sectors" : 129539840,
      "write_sectors" : 424,
      "read_merges" : 0,
      "write_merges" : 24,
      "read_ticks" : 23980,
      "write_ticks" : 27,
      "in_queue" : 24015,
      "util" : 83.043275
    }
  ]
}
