{
  "fio version" : "fio-3.39",
  "timestamp" : 1759361502,
  "timestamp_ms" : 1759361502527,
  "time" : "Wed Oct  1 19:31:42 2025",
  "jobs" : [
    {
      "jobname" : "mix_70r",
      "groupid" : 0,
      "job_start" : 1759361472379,
      "error" : 0,
      "eta" : 0,
      "elapsed" : 31,
      "job options" : {
        "name" : "mix_70r",
        "filename" : "testfile",
        "rw" : "randrw",
        "rwmixread" : "70",
        "bs" : "4k",
        "ioengine" : "libaio",
        "iodepth" : "1",
        "direct" : "1",
        "size" : "10G",
        "runtime" : "30",
        "numjobs" : "1",
        "time_based" : "",
        "group_reporting" : ""
      },
      "read" : {
        "io_bytes" : 1903411200,
        "io_kbytes" : 1858800,
        "bw_bytes" : 63444925,
        "bw" : 61957,
        "iops" : 15489.483684,
        "runtime" : 30001,
        "total_ios" : 464700,
        "short_ios" : 0,
        "drop_ios" : 0,
        "slat_ns" : {
          "min" : 1970,
          "max" : 68049,
          "mean" : 2193.720646,
          "stddev" : 355.156273,
          "N" : 464700
        },
        "clat_ns" : {
          "min" : 510,
          "max" : 8394490,
          "mean" : 48040.364220,
          "stddev" : 13805.692778,
          "N" : 464700,
          "percentile" : {
            "1.000000" : 42752,
            "5.000000" : 43264,
            "10.000000" : 43264,
            "20.000000" : 45312,
            "30.000000" : 45824,
            "40.000000" : 47872,
            "50.000000" : 48384,
            "60.000000" : 48384,
            "70.000000" : 49920,
            "80.000000" : 49920,
            "90.000000" : 50432,
            "95.000000" : 50432,
            "99.000000" : 54528,
            "99.500000" : 64256,
            "99.900000" : 146432,
            "99.950000" : 158720,
            "99.990000" : 168960
          }
        },
        "lat_ns" : {
          "min" : 25960,
          "max" : 8425990,
          "mean" : 50234.084866,
          "stddev" : 13840.870997,
          "N" : 464700
        },
        "bw_min" : 61008,
        "bw_max" : 62704,
        "bw_agg" : 100.000000,
        "bw_mean" : 61960.000000,
        "bw_dev" : 333.638188,
        "bw_samples" : 60,
        "iops_min" : 15252,
        "iops_max" : 15676,
        "iops_mean" : 15490.000000,
        "iops_stddev" : 83.409547,
        "iops_samples" : 60
      },
      "write" : {
        "io_bytes" : 816533504,
        "io_kbytes" : 797396,
        "bw_bytes" : 27216876,
        "bw" : 26578,
        "iops" : 6644.745175,
        "runtime" : 30001,
        "total_ios" : 199349,
        "short_ios" : 0,
        "drop_ios" : 0,
        "slat_ns" : {
          "min" : 2270,
          "max" : 22069,
          "mean" : 2649.672208,
          "stddev" : 404.271635,
          "N" : 199349
        },
        "clat_ns" : {
          "min" : 10250,
          "max" : 65440,
          "mean" : 29913.317920,
          "stddev" : 6222.057011,
          "N" : 199349,
          "percentile" : {
            "1.000000" : 15040,
            "5.000000" : 21888,
            "10.000000" : 23424,
            "20.000000" : 23424,
            "30.000000" : 23680,
            "40.000000" : 26752,
            "50.000000" : 35072,
            "60.000000" : 35072,
            "70.000000" : 35072,
            "80.000000" : 35072,
            "90.000000" : 35072,
            "95.000000" : 35584,
            "99.000000" : 35584,
            "99.500000" : 37120,
            "99.900000" : 42240,
            "99.950000" : 43264,
            "99.990000" : 51968
          }
        },
        "lat_ns" : {
          "min" : 15050,
          "max" : 68650,
          "mean" : 32562.990128,
          "stddev" : 6292.769418,
          "N" : 199349
        },
        "bw_min" : 25416,
        "bw_max" : 27528,
        "bw_agg" : 100.000000,
        "bw_mean" : 26579.866667,
        "bw_dev" : 473.434171,
        "bw_samples" : 60,
        "iops_min" : 6354,
        "iops_max" : 6882,
        "iops_mean" : 6644.966667,
        "iops_stddev" : 118.358543,
        "iops_samples" : 60
      },
      "trim" : {
        "io_bytes" : 0,
        "io_kbytes" : 0,
        "bw_bytes" : 0,
        "bw" : 0,
        "iops" : 0.000000,
        "runtime" : 0,
        "total_ios" : 0,
        "short_ios" : 0,
        "drop_ios" : 0,
        "slat_ns" : {
          "min" : 0,
          "max" : 0,
          "mean" : 0.000000,
          "stddev" : 0.000000,
          "N" : 0
        },
        "clat_ns" : {
          "min" : 0,
          "max" : 0,
          "mean" : 0.000000,
          "stddev" : 0.000000,
          "N" : 0
        },
        "lat_ns" : {
          "min" : 0,
          "max" : 0,
          "mean" : 0.000000,
          "stddev" : 0.000000,
          "N" : 0
        },
        "bw_min" : 0,
        "bw_max" : 0,
        "bw_agg" : 0.000000,
        "bw_mean" : 0.000000,
        "bw_dev" : 0.000000,
        "bw_samples" : 0,
        "iops_min" : 0,
        "iops_max" : 0,
        "iops_mean" : 0.000000,
        "iops_stddev" : 0.000000,
        "iops_samples" : 0
      },
      "sync" : {
        "total_ios" : 0,
        "lat_ns" : {
          "min" : 0,
          "max" : 0,
          "mean" : 0.000000,
          "stddev" : 0.000000,
          "N" : 0
        }
      },
      "job_runtime" : 30000,
      "usr_cpu" : 1.203333,
      "sys_cpu" : 6.893333,
      "ctx" : 664135,
      "majf" : 0,
      "minf" : 12,
      "iodepth_level" : {
        "1" : 100.000000,
        "2" : 0.000000,
        "4" : 0.000000,
        "8" : 0.000000,
        "16" : 0.000000,
        "32" : 0.000000,
        ">=64" : 0.000000
      },
      "iodepth_submit" : {
        "0" : 0.000000,
        "4" : 100.000000,
        "8" : 0.000000,
        "16" : 0.000000,
        "32" : 0.000000,
        "64" : 0.000000,
        ">=64" : 0.000000
      },
      "iodepth_complete" : {
        "0" : 0.000000,
        "4" : 100.000000,
        "8" : 0.000000,
        "16" : 0.000000,
        "32" : 0.000000,
        "64" : 0.000000,
        ">=64" : 0.000000
      },
      "latency_ns" : {
        "2" : 0.000000,
        "4" : 0.000000,
        "10" : 0.000000,
        "20" : 0.000000,
        "50" : 0.000000,
        "100" : 0.000000,
        "250" : 0.000000,
        "500" : 0.000000,
        "750" : 0.010000,
        "1000" : 0.000000
      },
      "latency_us" : {
        "2" : 0.000000,
        "4" : 0.000000,
        "10" : 0.000000,
        "20" : 1.439653,
        "50" : 80.340457,
        "100" : 18.056198,
        "250" : 0.161133,
        "500" : 0.010000,
        "750" : 0.010000,
        "1000" : 0.000000
      },
      "latency_ms" : {
        "2" : 0.000000,
        "4" : 0.000000,
        "10" : 0.010000,
        "20" : 0.000000,
        "50" : 0.000000,
        "100" : 0.000000,
        "250" : 0.000000,
        "500" : 0.000000,
        "750" : 0.000000,
        "1000" : 0.000000,
        "2000" : 0.000000,
        ">=2000" : 0.000000
      },
      "latency_depth" : 1,
      "latency_target" : 0,
      "latency_percentile" : 100.000000,
      "latency_window" : 0
    }
  ],
  "disk_util" : [
    {
      "name" : "nvme0n1",
      "read_ios" : 463107,
      "write_ios" : 198711,
      "read_sectors" : 3704864,
      "write_sectors" : 1589984,
      "read_merges" : 0,
      "write_merges" : 36,
      "read_ticks" : 21323,
      "write_ticks" : 5246,
      "in_queue" : 26582,
      "util" : 91.061248
    }
  ]
}
