{
  "fio version" : "fio-3.39",
  "timestamp" : 1759361532,
  "timestamp_ms" : 1759361532920,
  "time" : "Wed Oct  1 19:32:12 2025",
  "jobs" : [
    {
      "jobname" : "mix_50r",
      "groupid" : 0,
      "job_start" : 1759361502771,
      "error" : 0,
      "eta" : 0,
      "elapsed" : 31,
      "job options" : {
        "name" : "mix_50r",
        "filename" : "testfile",
        "rw" : "randrw",
        "rwmixread" : "50",
        "bs" : "4k",
        "ioengine" : "libaio",
        "iodepth" : "1",
        "direct" : "1",
        "size" : "10G",
        "runtime" : "30",
        "numjobs" : "1",
        "time_based" : "",
        "group_reporting" : ""
      },
      "read" : {
        "io_bytes" : 1509343232,
        "io_kbytes" : 1473968,
        "bw_bytes" : 50309764,
        "bw" : 49130,
        "iops" : 12282.657245,
        "runtime" : 30001,
        "total_ios" : 368492,
        "short_ios" : 0,
        "drop_ios" : 0,
        "slat_ns" : {
          "min" : 1980,
          "max" : 49420,
          "mean" : 2197.783219,
          "stddev" : 347.880845,
          "N" : 368492
        },
        "clat_ns" : {
          "min" : 18400,
          "max" : 8389329,
          "mean" : 47597.299488,
          "stddev" : 28091.241417,
          "N" : 368492,
          "percentile" : {
            "1.000000" : 42752,
            "5.000000" : 43264,
            "10.000000" : 43264,
            "20.000000" : 43776,
            "30.000000" : 45312,
            "40.000000" : 45312,
            "50.000000" : 47360,
            "60.000000" : 48384,
            "70.000000" : 48384,
            "80.000000" : 49920,
            "90.000000" : 50432,
            "95.000000" : 50432,
            "99.000000" : 62208,
            "99.500000" : 82432,
            "99.900000" : 154624,
            "99.950000" : 158720,
            "99.990000" : 651264
          }
        },
        "lat_ns" : {
          "min" : 25840,
          "max" : 8424909,
          "mean" : 49795.082707,
          "stddev" : 28117.622571,
          "N" : 368492
        },
        "bw_min" : 45624,
        "bw_max" : 49784,
        "bw_agg" : 100.000000,
        "bw_mean" : 49132.266667,
        "bw_dev" : 642.220667,
        "bw_samples" : 60,
        "iops_min" : 11406,
        "iops_max" : 12446,
        "iops_mean" : 12283.066667,
        "iops_stddev" : 160.555167,
        "iops_samples" : 60
      },
      "write" : {
        "io_bytes" : 1507033088,
        "io_kbytes" : 1471712,
        "bw_bytes" : 50232761,
        "bw" : 49055,
        "iops" : 12263.857871,
        "runtime" : 30001,
        "total_ios" : 367928,
        "short_ios" : 0,
        "drop_ios" : 0,
        "slat_ns" : {
          "min" : 2260,
          "max" : 32430,
          "mean" : 2548.809118,
          "stddev" : 325.553865,
          "N" : 367928
        },
        "clat_ns" : {
          "min" : 6550,
          "max" : 849026,
          "mean" : 28611.869635,
          "stddev" : 6577.780996,
          "N" : 367928,
          "percentile" : {
            "1.000000" : 15040,
            "5.000000" : 23168,
            "10.000000" : 23424,
            "20.000000" : 23424,
            "30.000000" : 23424,
            "40.000000" : 23424,
            "50.000000" : 23680,
            "60.000000" : 35072,
            "70.000000" : 35072,
            "80.000000" : 35072,
            "90.000000" : 35072,
            "95.000000" : 35072,
            "99.000000" : 35584,
            "99.500000" : 37120,
            "99.900000" : 42752,
            "99.950000" : 42752,
            "99.990000" : 46336
          }
        },
        "lat_ns" : {
          "min" : 15100,
          "max" : 851376,
          "mean" : 31160.678752,
          "stddev" : 6645.661248,
          "N" : 367928
        },
        "bw_min" : 43200,
        "bw_max" : 50480,
        "bw_agg" : 100.000000,
        "bw_mean" : 49057.066667,
        "bw_dev" : 1017.235567,
        "bw_samples" : 60,
        "iops_min" : 10800,
        "iops_max" : 12620,
        "iops_mean" : 12264.266667,
        "iops_stddev" : 254.308892,
        "iops_samples" : 60
      },
      "trim" : {
        "io_bytes" : 0,
        "io_kbytes" : 0,
        "bw_bytes" : 0,
        "bw" : 0,
        "iops" : 0.000000,
        "runtime" : 0,
        "total_ios" : 0,
        "short_ios" : 0,
        "drop_ios" : 0,
        "slat_ns" : {
          "min" : 0,
          "max" : 0,
          "mean" : 0.000000,
          "stddev" : 0.000000,
          "N" : 0
        },
        "clat_ns" : {
          "min" : 0,
          "max" : 0,
          "mean" : 0.000000,
          "stddev" : 0.000000,
          "N" : 0
        },
        "lat_ns" : {
          "min" : 0,
          "max" : 0,
          "mean" : 0.000000,
          "stddev" : 0.000000,
          "N" : 0
        },
        "bw_min" : 0,
        "bw_max" : 0,
        "bw_agg" : 0.000000,
        "bw_mean" : 0.000000,
        "bw_dev" : 0.000000,
        "bw_samples" : 0,
        "iops_min" : 0,
        "iops_max" : 0,
        "iops_mean" : 0.000000,
        "iops_stddev" : 0.000000,
        "iops_samples" : 0
      },
      "sync" : {
        "total_ios" : 0,
        "lat_ns" : {
          "min" : 0,
          "max" : 0,
          "mean" : 0.000000,
          "stddev" : 0.000000,
          "N" : 0
        }
      },
      "job_runtime" : 30000,
      "usr_cpu" : 1.410000,
      "sys_cpu" : 8.066667,
      "ctx" : 736513,
      "majf" : 0,
      "minf" : 13,
      "iodepth_level" : {
        "1" : 100.000000,
        "2" : 0.000000,
        "4" : 0.000000,
        "8" : 0.000000,
        "16" : 0.000000,
        "32" : 0.000000,
        ">=64" : 0.000000
      },
      "iodepth_submit" : {
        "0" : 0.000000,
        "4" : 100.000000,
        "8" : 0.000000,
        "16" : 0.000000,
        "32" : 0.000000,
        "64" : 0.000000,
        ">=64" : 0.000000
      },
      "iodepth_complete" : {
        "0" : 0.000000,
        "4" : 100.000000,
        "8" : 0.000000,
        "16" : 0.000000,
        "32" : 0.000000,
        "64" : 0.000000,
        ">=64" : 0.000000
      },
      "latency_ns" : {
        "2" : 0.000000,
        "4" : 0.000000,
        "10" : 0.000000,
        "20" : 0.000000,
        "50" : 0.000000,
        "100" : 0.000000,
        "250" : 0.000000,
        "500" : 0.000000,
        "750" : 0.000000,
        "1000" : 0.000000
      },
      "latency_us" : {
        "2" : 0.000000,
        "4" : 0.000000,
        "10" : 0.010000,
        "20" : 1.947937,
        "50" : 87.895630,
        "100" : 9.951251,
        "250" : 0.198935,
        "500" : 0.010000,
        "750" : 0.010000,
        "1000" : 0.010000
      },
      "latency_ms" : {
        "2" : 0.010000,
        "4" : 0.010000,
        "10" : 0.010000,
        "20" : 0.000000,
        "50" : 0.000000,
        "100" : 0.000000,
        "250" : 0.000000,
        "500" : 0.000000,
        "750" : 0.000000,
        "1000" : 0.000000,
        "2000" : 0.000000,
        ">=2000" : 0.000000
      },
      "latency_depth" : 1,
      "latency_target" : 0,
      "latency_percentile" : 100.000000,
      "latency_window" : 0
    }
  ],
  "disk_util" : [
    {
      "name" : "nvme0n1",
      "read_ios" : 367253,
      "write_ios" : 366705,
      "read_sectors" : 2938024,
      "write_sectors" : 2934488,
      "read_merges" : 0,
      "write_merges" : 28,
      "read_ticks" : 16749,
      "write_ticks" : 9177,
      "in_queue" : 25936,
      "util" : 89.317507
    }
  ]
}
