{
  "fio version" : "fio-3.39",
  "timestamp" : 1759361472,
  "timestamp_ms" : 1759361472136,
  "time" : "Wed Oct  1 19:31:12 2025",
  "jobs" : [
    {
      "jobname" : "mix_100r",
      "groupid" : 0,
      "job_start" : 1759361441987,
      "error" : 0,
      "eta" : 0,
      "elapsed" : 31,
      "job options" : {
        "name" : "mix_100r",
        "filename" : "testfile",
        "rw" : "randrw",
        "rwmixread" : "100",
        "bs" : "4k",
        "ioengine" : "libaio",
        "iodepth" : "1",
        "direct" : "1",
        "size" : "10G",
        "runtime" : "30",
        "numjobs" : "1",
        "time_based" : "",
        "group_reporting" : ""
      },
      "read" : {
        "io_bytes" : 2384326656,
        "io_kbytes" : 2328444,
        "bw_bytes" : 79474906,
        "bw" : 77612,
        "iops" : 19403.053232,
        "runtime" : 30001,
        "total_ios" : 582111,
        "short_ios" : 0,
        "drop_ios" : 0,
        "slat_ns" : {
          "min" : 1990,
          "max" : 31090,
          "mean" : 2131.919553,
          "stddev" : 174.715496,
          "N" : 582111
        },
        "clat_ns" : {
          "min" : 24150,
          "max" : 8354260,
          "mean" : 49145.148365,
          "stddev" : 11381.466216,
          "N" : 582111,
          "percentile" : {
            "1.000000" : 43264,
            "5.000000" : 47360,
            "10.000000" : 47872,
            "20.000000" : 47872,
            "30.000000" : 48384,
            "40.000000" : 48384,
            "50.000000" : 48896,
            "60.000000" : 49920,
            "70.000000" : 49920,
            "80.000000" : 50432,
            "90.000000" : 50432,
            "95.000000" : 50432,
            "99.000000" : 54528,
            "99.500000" : 59136,
            "99.900000" : 63232,
            "99.950000" : 66048,
            "99.990000" : 132096
          }
        },
        "lat_ns" : {
          "min" : 26360,
          "max" : 8385350,
          "mean" : 51277.067918,
          "stddev" : 11418.750537,
          "N" : 582111
        },
        "bw_min" : 70088,
        "bw_max" : 78040,
        "bw_agg" : 100.000000,
        "bw_mean" : 77614.800000,
        "bw_dev" : 1011.727115,
        "bw_samples" : 60,
        "iops_min" : 17522,
        "iops_max" : 19510,
        "iops_mean" : 19403.700000,
        "iops_stddev" : 252.931779,
        "iops_samples" : 60
      },
      "write" : {
        "io_bytes" : 0,
        "io_kbytes" : 0,
        "bw_bytes" : 0,
        "bw" : 0,
        "iops" : 0.000000,
        "runtime" : 0,
        "total_ios" : 0,
        "short_ios" : 0,
        "drop_ios" : 0,
        "slat_ns" : {
          "min" : 0,
          "max" : 0,
          "mean" : 0.000000,
          "stddev" : 0.000000,
          "N" : 0
        },
        "clat_ns" : {
          "min" : 0,
          "max" : 0,
          "mean" : 0.000000,
          "stddev" : 0.000000,
          "N" : 0
        },
        "lat_ns" : {
          "min" : 0,
          "max" : 0,
          "mean" : 0.000000,
          "stddev" : 0.000000,
          "N" : 0
        },
        "bw_min" : 0,
        "bw_max" : 0,
        "bw_agg" : 0.000000,
        "bw_mean" : 0.000000,
        "bw_dev" : 0.000000,
        "bw_samples" : 0,
        "iops_min" : 0,
        "iops_max" : 0,
        "iops_mean" : 0.000000,
        "iops_stddev" : 0.000000,
        "iops_samples" : 0
      },
      "trim" : {
        "io_bytes" : 0,
        "io_kbytes" : 0,
        "bw_bytes" : 0,
        "bw" : 0,
        "iops" : 0.000000,
        "runtime" : 0,
        "total_ios" : 0,
        "short_ios" : 0,
        "drop_ios" : 0,
        "slat_ns" : {
          "min" : 0,
          "max" : 0,
          "mean" : 0.000000,
          "stddev" : 0.000000,
          "N" : 0
        },
        "clat_ns" : {
          "min" : 0,
          "max" : 0,
          "mean" : 0.000000,
          "stddev" : 0.000000,
          "N" : 0
        },
        "lat_ns" : {
          "min" : 0,
          "max" : 0,
          "mean" : 0.000000,
          "stddev" : 0.000000,
          "N" : 0
        },
        "bw_min" : 0,
        "bw_max" : 0,
        "bw_agg" : 0.000000,
        "bw_mean" : 0.000000,
        "bw_dev" : 0.000000,
        "bw_samples" : 0,
        "iops_min" : 0,
        "iops_max" : 0,
        "iops_mean" : 0.000000,
        "iops_stddev" : 0.000000,
        "iops_samples" : 0
      },
      "sync" : {
        "total_ios" : 0,
        "lat_ns" : {
          "min" : 0,
          "max" : 0,
          "mean" : 0.000000,
          "stddev" : 0.000000,
          "N" : 0
        }
      },
      "job_runtime" : 30000,
      "usr_cpu" : 0.976667,
      "sys_cpu" : 5.303333,
      "ctx" : 582120,
      "majf" : 0,
      "minf" : 9,
      "iodepth_level" : {
        "1" : 100.000000,
        "2" : 0.000000,
        "4" : 0.000000,
        "8" : 0.000000,
        "16" : 0.000000,
        "32" : 0.000000,
        ">=64" : 0.000000
      },
      "iodepth_submit" : {
        "0" : 0.000000,
        "4" : 100.000000,
        "8" : 0.000000,
        "16" : 0.000000,
        "32" : 0.000000,
        "64" : 0.000000,
        ">=64" : 0.000000
      },
      "iodepth_complete" : {
        "0" : 0.000000,
        "4" : 100.000000,
        "8" : 0.000000,
        "16" : 0.000000,
        "32" : 0.000000,
        "64" : 0.000000,
        ">=64" : 0.000000
      },
      "latency_ns" : {
        "2" : 0.000000,
        "4" : 0.000000,
        "10" : 0.000000,
        "20" : 0.000000,
        "50" : 0.000000,
        "100" : 0.000000,
        "250" : 0.000000,
        "500" : 0.000000,
        "750" : 0.000000,
        "1000" : 0.000000
      },
      "latency_us" : {
        "2" : 0.000000,
        "4" : 0.000000,
        "10" : 0.000000,
        "20" : 0.000000,
        "50" : 64.180886,
        "100" : 35.803996,
        "250" : 0.013571,
        "500" : 0.000000,
        "750" : 0.010000,
        "1000" : 0.000000
      },
      "latency_ms" : {
        "2" : 0.000000,
        "4" : 0.000000,
        "10" : 0.010000,
        "20" : 0.000000,
        "50" : 0.000000,
        "100" : 0.000000,
        "250" : 0.000000,
        "500" : 0.000000,
        "750" : 0.000000,
        "1000" : 0.000000,
        "2000" : 0.000000,
        ">=2000" : 0.000000
      },
      "latency_depth" : 1,
      "latency_target" : 0,
      "latency_percentile" : 100.000000,
      "latency_window" : 0
    }
  ],
  "disk_util" : [
    {
      "name" : "nvme0n1",
      "read_ios" : 580139,
      "write_ios" : 48,
      "read_sectors" : 4641112,
      "write_sectors" : 1208,
      "read_merges" : 0,
      "write_merges" : 19,
      "read_ticks" : 27345,
      "write_ticks" : 25,
      "in_queue" : 27376,
      "util" : 92.234855
    }
  ]
}
