{
  "fio version" : "fio-3.39",
  "timestamp" : 1759361563,
  "timestamp_ms" : 1759361563312,
  "time" : "Wed Oct  1 19:32:43 2025",
  "jobs" : [
    {
      "jobname" : "qd_1",
      "groupid" : 0,
      "job_start" : 1759361533163,
      "error" : 0,
      "eta" : 0,
      "elapsed" : 31,
      "job options" : {
        "name" : "qd_1",
        "filename" : "testfile",
        "rw" : "randread",
        "bs" : "4k",
        "ioengine" : "libaio",
        "iodepth" : "1",
        "direct" : "1",
        "size" : "10G",
        "runtime" : "30",
        "numjobs" : "1",
        "time_based" : "",
        "group_reporting" : ""
      },
      "read" : {
        "io_bytes" : 2901610496,
        "io_kbytes" : 2833604,
        "bw_bytes" : 96717125,
        "bw" : 94450,
        "iops" : 23612.579581,
        "runtime" : 30001,
        "total_ios" : 708401,
        "short_ios" : 0,
        "drop_ios" : 0,
        "slat_ns" : {
          "min" : 2050,
          "max" : 36769,
          "mean" : 2121.458081,
          "stddev" : 160.070375,
          "N" : 708401
        },
        "clat_ns" : {
          "min" : 2080,
          "max" : 8385080,
          "mean" : 40004.870177,
          "stddev" : 14347.937307,
          "N" : 708401,
          "percentile" : {
            "1.000000" : 23680,
            "5.000000" : 23936,
            "10.000000" : 24192,
            "20.000000" : 28800,
            "30.000000" : 29056,
            "40.000000" : 43264,
            "50.000000" : 44800,
            "60.000000" : 45824,
            "70.000000" : 48384,
            "80.000000" : 48896,
            "90.000000" : 49920,
            "95.000000" : 50432,
            "99.000000" : 50944,
            "99.500000" : 52480,
            "99.900000" : 58112,
            "99.950000" : 63744,
            "99.990000" : 108032
          }
        },
        "lat_ns" : {
          "min" : 22210,
          "max" : 8421100,
          "mean" : 42126.328258,
          "stddev" : 14376.684610,
          "N" : 708401
        },
        "bw_min" : 93320,
        "bw_max" : 94992,
        "bw_agg" : 100.000000,
        "bw_mean" : 94453.466667,
        "bw_dev" : 290.301507,
        "bw_samples" : 60,
        "iops_min" : 23330,
        "iops_max" : 23748,
        "iops_mean" : 23613.366667,
        "iops_stddev" : 72.575377,
        "iops_samples" : 60
      },
      "write" : {
        "io_bytes" : 0,
        "io_kbytes" : 0,
        "bw_bytes" : 0,
        "bw" : 0,
        "iops" : 0.000000,
        "runtime" : 0,
        "total_ios" : 0,
        "short_ios" : 0,
        "drop_ios" : 0,
        "slat_ns" : {
          "min" : 0,
          "max" : 0,
          "mean" : 0.000000,
          "stddev" : 0.000000,
          "N" : 0
        },
        "clat_ns" : {
          "min" : 0,
          "max" : 0,
          "mean" : 0.000000,
          "stddev" : 0.000000,
          "N" : 0
        },
        "lat_ns" : {
          "min" : 0,
          "max" : 0,
          "mean" : 0.000000,
          "stddev" : 0.000000,
          "N" : 0
        },
        "bw_min" : 0,
        "bw_max" : 0,
        "bw_agg" : 0.000000,
        "bw_mean" : 0.000000,
        "bw_dev" : 0.000000,
        "bw_samples" : 0,
        "iops_min" : 0,
        "iops_max" : 0,
        "iops_mean" : 0.000000,
        "iops_stddev" : 0.000000,
        "iops_samples" : 0
      },
      "trim" : {
        "io_bytes" : 0,
        "io_kbytes" : 0,
        "bw_bytes" : 0,
        "bw" : 0,
        "iops" : 0.000000,
        "runtime" : 0,
        "total_ios" : 0,
        "short_ios" : 0,
        "drop_ios" : 0,
        "slat_ns" : {
          "min" : 0,
          "max" : 0,
          "mean" : 0.000000,
          "stddev" : 0.000000,
          "N" : 0
        },
        "clat_ns" : {
          "min" : 0,
          "max" : 0,
          "mean" : 0.000000,
          "stddev" : 0.000000,
          "N" : 0
        },
        "lat_ns" : {
          "min" : 0,
          "max" : 0,
          "mean" : 0.000000,
          "stddev" : 0.000000,
          "N" : 0
        },
        "bw_min" : 0,
        "bw_max" : 0,
        "bw_agg" : 0.000000,
        "bw_mean" : 0.000000,
        "bw_dev" : 0.000000,
        "bw_samples" : 0,
        "iops_min" : 0,
        "iops_max" : 0,
        "iops_mean" : 0.000000,
        "iops_stddev" : 0.000000,
        "iops_samples" : 0
      },
      "sync" : {
        "total_ios" : 0,
        "lat_ns" : {
          "min" : 0,
          "max" : 0,
          "mean" : 0.000000,
          "stddev" : 0.000000,
          "N" : 0
        }
      },
      "job_runtime" : 30000,
      "usr_cpu" : 1.153333,
      "sys_cpu" : 6.293333,
      "ctx" : 708415,
      "majf" : 0,
      "minf" : 12,
      "iodepth_level" : {
        "1" : 100.000000,
        "2" : 0.000000,
        "4" : 0.000000,
        "8" : 0.000000,
        "16" : 0.000000,
        "32" : 0.000000,
        ">=64" : 0.000000
      },
      "iodepth_submit" : {
        "0" : 0.000000,
        "4" : 100.000000,
        "8" : 0.000000,
        "16" : 0.000000,
        "32" : 0.000000,
        "64" : 0.000000,
        ">=64" : 0.000000
      },
      "iodepth_complete" : {
        "0" : 0.000000,
        "4" : 100.000000,
        "8" : 0.000000,
        "16" : 0.000000,
        "32" : 0.000000,
        "64" : 0.000000,
        ">=64" : 0.000000
      },
      "latency_ns" : {
        "2" : 0.000000,
        "4" : 0.000000,
        "10" : 0.000000,
        "20" : 0.000000,
        "50" : 0.000000,
        "100" : 0.000000,
        "250" : 0.000000,
        "500" : 0.000000,
        "750" : 0.000000,
        "1000" : 0.000000
      },
      "latency_us" : {
        "2" : 0.000000,
        "4" : 0.010000,
        "10" : 0.000000,
        "20" : 0.010000,
        "50" : 86.279522,
        "100" : 13.708338,
        "250" : 0.010305,
        "500" : 0.010000,
        "750" : 0.010000,
        "1000" : 0.000000
      },
      "latency_ms" : {
        "2" : 0.000000,
        "4" : 0.000000,
        "10" : 0.010000,
        "20" : 0.000000,
        "50" : 0.000000,
        "100" : 0.000000,
        "250" : 0.000000,
        "500" : 0.000000,
        "750" : 0.000000,
        "1000" : 0.000000,
        "2000" : 0.000000,
        ">=2000" : 0.000000
      },
      "latency_depth" : 1,
      "latency_target" : 0,
      "latency_percentile" : 100.000000,
      "latency_window" : 0
    }
  ],
  "disk_util" : [
    {
      "name" : "nvme0n1",
      "read_ios" : 705979,
      "write_ios" : 19,
      "read_sectors" : 5647832,
      "write_sectors" : 360,
      "read_merges" : 0,
      "write_merges" : 26,
      "read_ticks" : 26831,
      "write_ticks" : 24,
      "in_queue" : 26862,
      "util" : 91.428286
    }
  ]
}
