{
  "fio version" : "fio-3.39",
  "timestamp" : 1759361776,
  "timestamp_ms" : 1759361776059,
  "time" : "Wed Oct  1 19:36:16 2025",
  "jobs" : [
    {
      "jobname" : "qd_128",
      "groupid" : 0,
      "job_start" : 1759361745910,
      "error" : 0,
      "eta" : 0,
      "elapsed" : 31,
      "job options" : {
        "name" : "qd_128",
        "filename" : "testfile",
        "rw" : "randread",
        "bs" : "4k",
        "ioengine" : "libaio",
        "iodepth" : "128",
        "direct" : "1",
        "size" : "10G",
        "runtime" : "30",
        "numjobs" : "1",
        "time_based" : "",
        "group_reporting" : ""
      },
      "read" : {
        "io_bytes" : 38701424640,
        "io_kbytes" : 37794360,
        "bw_bytes" : 1290004487,
        "bw" : 1259770,
        "iops" : 314942.501917,
        "runtime" : 30001,
        "total_ios" : 9448590,
        "short_ios" : 0,
        "drop_ios" : 0,
        "slat_ns" : {
          "min" : 1640,
          "max" : 228319,
          "mean" : 2427.275121,
          "stddev" : 1265.840747,
          "N" : 9448590
        },
        "clat_ns" : {
          "min" : 49219,
          "max" : 8713658,
          "mean" : 403731.679212,
          "stddev" : 32851.682178,
          "N" : 9448590,
          "percentile" : {
            "1.000000" : 378880,
            "5.000000" : 387072,
            "10.000000" : 391168,
            "20.000000" : 395264,
            "30.000000" : 399360,
            "40.000000" : 399360,
            "50.000000" : 403456,
            "60.000000" : 403456,
            "70.000000" : 407552,
            "80.000000" : 411648,
            "90.000000" : 415744,
            "95.000000" : 423936,
            "99.000000" : 452608,
            "99.500000" : 464896,
            "99.900000" : 501760,
            "99.950000" : 544768,
            "99.990000" : 790528
          }
        },
        "lat_ns" : {
          "min" : 53269,
          "max" : 8717618,
          "mean" : 406158.954333,
          "stddev" : 32851.290344,
          "N" : 9448590
        },
        "bw_min" : 1236032,
        "bw_max" : 1282560,
        "bw_agg" : 100.000000,
        "bw_mean" : 1259812.000000,
        "bw_dev" : 6373.341853,
        "bw_samples" : 60,
        "iops_min" : 309008,
        "iops_max" : 320640,
        "iops_mean" : 314953.000000,
        "iops_stddev" : 1593.335463,
        "iops_samples" : 60
      },
      "write" : {
        "io_bytes" : 0,
        "io_kbytes" : 0,
        "bw_bytes" : 0,
        "bw" : 0,
        "iops" : 0.000000,
        "runtime" : 0,
        "total_ios" : 0,
        "short_ios" : 0,
        "drop_ios" : 0,
        "slat_ns" : {
          "min" : 0,
          "max" : 0,
          "mean" : 0.000000,
          "stddev" : 0.000000,
          "N" : 0
        },
        "clat_ns" : {
          "min" : 0,
          "max" : 0,
          "mean" : 0.000000,
          "stddev" : 0.000000,
          "N" : 0
        },
        "lat_ns" : {
          "min" : 0,
          "max" : 0,
          "mean" : 0.000000,
          "stddev" : 0.000000,
          "N" : 0
        },
        "bw_min" : 0,
        "bw_max" : 0,
        "bw_agg" : 0.000000,
        "bw_mean" : 0.000000,
        "bw_dev" : 0.000000,
        "bw_samples" : 0,
        "iops_min" : 0,
        "iops_max" : 0,
        "iops_mean" : 0.000000,
        "iops_stddev" : 0.000000,
        "iops_samples" : 0
      },
      "trim" : {
        "io_bytes" : 0,
        "io_kbytes" : 0,
        "bw_bytes" : 0,
        "bw" : 0,
        "iops" : 0.000000,
        "runtime" : 0,
        "total_ios" : 0,
        "short_ios" : 0,
        "drop_ios" : 0,
        "slat_ns" : {
          "min" : 0,
          "max" : 0,
          "mean" : 0.000000,
          "stddev" : 0.000000,
          "N" : 0
        },
        "clat_ns" : {
          "min" : 0,
          "max" : 0,
          "mean" : 0.000000,
          "stddev" : 0.000000,
          "N" : 0
        },
        "lat_ns" : {
          "min" : 0,
          "max" : 0,
          "mean" : 0.000000,
          "stddev" : 0.000000,
          "N" : 0
        },
        "bw_min" : 0,
        "bw_max" : 0,
        "bw_agg" : 0.000000,
        "bw_mean" : 0.000000,
        "bw_dev" : 0.000000,
        "bw_samples" : 0,
        "iops_min" : 0,
        "iops_max" : 0,
        "iops_mean" : 0.000000,
        "iops_stddev" : 0.000000,
        "iops_samples" : 0
      },
      "sync" : {
        "total_ios" : 0,
        "lat_ns" : {
          "min" : 0,
          "max" : 0,
          "mean" : 0.000000,
          "stddev" : 0.000000,
          "N" : 0
        }
      },
      "job_runtime" : 30000,
      "usr_cpu" : 13.986667,
      "sys_cpu" : 62.976667,
      "ctx" : 1074,
      "majf" : 0,
      "minf" : 140,
      "iodepth_level" : {
        "1" : 0.100000,
        "2" : 0.100000,
        "4" : 0.100000,
        "8" : 0.100000,
        "16" : 0.100000,
        "32" : 0.100000,
        ">=64" : 99.999333
      },
      "iodepth_submit" : {
        "0" : 0.000000,
        "4" : 100.000000,
        "8" : 0.000000,
        "16" : 0.000000,
        "32" : 0.000000,
        "64" : 0.000000,
        ">=64" : 0.000000
      },
      "iodepth_complete" : {
        "0" : 0.000000,
        "4" : 99.999989,
        "8" : 0.000000,
        "16" : 0.000000,
        "32" : 0.000000,
        "64" : 0.000000,
        ">=64" : 0.100000
      },
      "latency_ns" : {
        "2" : 0.000000,
        "4" : 0.000000,
        "10" : 0.000000,
        "20" : 0.000000,
        "50" : 0.000000,
        "100" : 0.000000,
        "250" : 0.000000,
        "500" : 0.000000,
        "750" : 0.000000,
        "1000" : 0.000000
      },
      "latency_us" : {
        "2" : 0.000000,
        "4" : 0.000000,
        "10" : 0.000000,
        "20" : 0.000000,
        "50" : 0.010000,
        "100" : 0.010000,
        "250" : 0.010000,
        "500" : 99.891561,
        "750" : 0.095739,
        "1000" : 0.010000
      },
      "latency_ms" : {
        "2" : 0.010000,
        "4" : 0.000000,
        "10" : 0.010000,
        "20" : 0.000000,
        "50" : 0.000000,
        "100" : 0.000000,
        "250" : 0.000000,
        "500" : 0.000000,
        "750" : 0.000000,
        "1000" : 0.000000,
        "2000" : 0.000000,
        ">=2000" : 0.000000
      },
      "latency_depth" : 128,
      "latency_target" : 0,
      "latency_percentile" : 100.000000,
      "latency_window" : 0
    }
  ],
  "disk_util" : [
    {
      "name" : "nvme0n1",
      "read_ios" : 9416621,
      "write_ios" : 45,
      "read_sectors" : 75332968,
      "write_sectors" : 1080,
      "read_merges" : 0,
      "write_merges" : 22,
      "read_ticks" : 461676,
      "write_ticks" : 27,
      "in_queue" : 461711,
      "util" : 62.120353
    }
  ]
}
