{
  "fio version" : "fio-3.39",
  "timestamp" : 1759361593,
  "timestamp_ms" : 1759361593704,
  "time" : "Wed Oct  1 19:33:13 2025",
  "jobs" : [
    {
      "jobname" : "qd_2",
      "groupid" : 0,
      "job_start" : 1759361563555,
      "error" : 0,
      "eta" : 0,
      "elapsed" : 31,
      "job options" : {
        "name" : "qd_2",
        "filename" : "testfile",
        "rw" : "randread",
        "bs" : "4k",
        "ioengine" : "libaio",
        "iodepth" : "2",
        "direct" : "1",
        "size" : "10G",
        "runtime" : "30",
        "numjobs" : "1",
        "time_based" : "",
        "group_reporting" : ""
      },
      "read" : {
        "io_bytes" : 5351571456,
        "io_kbytes" : 5226144,
        "bw_bytes" : 178379769,
        "bw" : 174198,
        "iops" : 43549.748342,
        "runtime" : 30001,
        "total_ios" : 1306536,
        "short_ios" : 0,
        "drop_ios" : 0,
        "slat_ns" : {
          "min" : 1930,
          "max" : 32460,
          "mean" : 2099.721654,
          "stddev" : 206.892213,
          "N" : 1306536
        },
        "clat_ns" : {
          "min" : 12770,
          "max" : 8419119,
          "mean" : 43614.435364,
          "stddev" : 14082.816171,
          "N" : 1306536,
          "percentile" : {
            "1.000000" : 23424,
            "5.000000" : 23936,
            "10.000000" : 25472,
            "20.000000" : 40192,
            "30.000000" : 43776,
            "40.000000" : 45312,
            "50.000000" : 45824,
            "60.000000" : 47872,
            "70.000000" : 48896,
            "80.000000" : 49920,
            "90.000000" : 50944,
            "95.000000" : 52992,
            "99.000000" : 55040,
            "99.500000" : 61184,
            "99.900000" : 75264,
            "99.950000" : 76288,
            "99.990000" : 142336
          }
        },
        "lat_ns" : {
          "min" : 20480,
          "max" : 8448059,
          "mean" : 45714.157018,
          "stddev" : 14093.096257,
          "N" : 1306536
        },
        "bw_min" : 155960,
        "bw_max" : 190616,
        "bw_agg" : 100.000000,
        "bw_mean" : 174204.800000,
        "bw_dev" : 15985.057714,
        "bw_samples" : 60,
        "iops_min" : 38990,
        "iops_max" : 47654,
        "iops_mean" : 43551.200000,
        "iops_stddev" : 3996.264429,
        "iops_samples" : 60
      },
      "write" : {
        "io_bytes" : 0,
        "io_kbytes" : 0,
        "bw_bytes" : 0,
        "bw" : 0,
        "iops" : 0.000000,
        "runtime" : 0,
        "total_ios" : 0,
        "short_ios" : 0,
        "drop_ios" : 0,
        "slat_ns" : {
          "min" : 0,
          "max" : 0,
          "mean" : 0.000000,
          "stddev" : 0.000000,
          "N" : 0
        },
        "clat_ns" : {
          "min" : 0,
          "max" : 0,
          "mean" : 0.000000,
          "stddev" : 0.000000,
          "N" : 0
        },
        "lat_ns" : {
          "min" : 0,
          "max" : 0,
          "mean" : 0.000000,
          "stddev" : 0.000000,
          "N" : 0
        },
        "bw_min" : 0,
        "bw_max" : 0,
        "bw_agg" : 0.000000,
        "bw_mean" : 0.000000,
        "bw_dev" : 0.000000,
        "bw_samples" : 0,
        "iops_min" : 0,
        "iops_max" : 0,
        "iops_mean" : 0.000000,
        "iops_stddev" : 0.000000,
        "iops_samples" : 0
      },
      "trim" : {
        "io_bytes" : 0,
        "io_kbytes" : 0,
        "bw_bytes" : 0,
        "bw" : 0,
        "iops" : 0.000000,
        "runtime" : 0,
        "total_ios" : 0,
        "short_ios" : 0,
        "drop_ios" : 0,
        "slat_ns" : {
          "min" : 0,
          "max" : 0,
          "mean" : 0.000000,
          "stddev" : 0.000000,
          "N" : 0
        },
        "clat_ns" : {
          "min" : 0,
          "max" : 0,
          "mean" : 0.000000,
          "stddev" : 0.000000,
          "N" : 0
        },
        "lat_ns" : {
          "min" : 0,
          "max" : 0,
          "mean" : 0.000000,
          "stddev" : 0.000000,
          "N" : 0
        },
        "bw_min" : 0,
        "bw_max" : 0,
        "bw_agg" : 0.000000,
        "bw_mean" : 0.000000,
        "bw_dev" : 0.000000,
        "bw_samples" : 0,
        "iops_min" : 0,
        "iops_max" : 0,
        "iops_mean" : 0.000000,
        "iops_stddev" : 0.000000,
        "iops_samples" : 0
      },
      "sync" : {
        "total_ios" : 0,
        "lat_ns" : {
          "min" : 0,
          "max" : 0,
          "mean" : 0.000000,
          "stddev" : 0.000000,
          "N" : 0
        }
      },
      "job_runtime" : 30000,
      "usr_cpu" : 2.083333,
      "sys_cpu" : 10.903333,
      "ctx" : 902751,
      "majf" : 0,
      "minf" : 11,
      "iodepth_level" : {
        "1" : 0.100000,
        "2" : 99.999923,
        "4" : 0.000000,
        "8" : 0.000000,
        "16" : 0.000000,
        "32" : 0.000000,
        ">=64" : 0.000000
      },
      "iodepth_submit" : {
        "0" : 0.000000,
        "4" : 100.000000,
        "8" : 0.000000,
        "16" : 0.000000,
        "32" : 0.000000,
        "64" : 0.000000,
        ">=64" : 0.000000
      },
      "iodepth_complete" : {
        "0" : 0.000000,
        "4" : 100.000000,
        "8" : 0.000000,
        "16" : 0.000000,
        "32" : 0.000000,
        "64" : 0.000000,
        ">=64" : 0.000000
      },
      "latency_ns" : {
        "2" : 0.000000,
        "4" : 0.000000,
        "10" : 0.000000,
        "20" : 0.000000,
        "50" : 0.000000,
        "100" : 0.000000,
        "250" : 0.000000,
        "500" : 0.000000,
        "750" : 0.000000,
        "1000" : 0.000000
      },
      "latency_us" : {
        "2" : 0.000000,
        "4" : 0.000000,
        "10" : 0.000000,
        "20" : 0.010000,
        "50" : 81.016443,
        "100" : 18.961590,
        "250" : 0.015308,
        "500" : 0.010000,
        "750" : 0.010000,
        "1000" : 0.000000
      },
      "latency_ms" : {
        "2" : 0.000000,
        "4" : 0.000000,
        "10" : 0.010000,
        "20" : 0.000000,
        "50" : 0.000000,
        "100" : 0.000000,
        "250" : 0.000000,
        "500" : 0.000000,
        "750" : 0.000000,
        "1000" : 0.000000,
        "2000" : 0.000000,
        ">=2000" : 0.000000
      },
      "latency_depth" : 2,
      "latency_target" : 0,
      "latency_percentile" : 100.000000,
      "latency_window" : 0
    }
  ],
  "disk_util" : [
    {
      "name" : "nvme0n1",
      "read_ios" : 1302504,
      "write_ios" : 63,
      "read_sectors" : 10420032,
      "write_sectors" : 1368,
      "read_merges" : 0,
      "write_merges" : 36,
      "read_ticks" : 52867,
      "write_ticks" : 39,
      "in_queue" : 52917,
      "util" : 86.873604
    }
  ]
}
