{
  "fio version" : "fio-3.39",
  "timestamp" : 1759361715,
  "timestamp_ms" : 1759361715274,
  "time" : "Wed Oct  1 19:35:15 2025",
  "jobs" : [
    {
      "jobname" : "qd_32",
      "groupid" : 0,
      "job_start" : 1759361685125,
      "error" : 0,
      "eta" : 0,
      "elapsed" : 31,
      "job options" : {
        "name" : "qd_32",
        "filename" : "testfile",
        "rw" : "randread",
        "bs" : "4k",
        "ioengine" : "libaio",
        "iodepth" : "32",
        "direct" : "1",
        "size" : "10G",
        "runtime" : "30",
        "numjobs" : "1",
        "time_based" : "",
        "group_reporting" : ""
      },
      "read" : {
        "io_bytes" : 38630780928,
        "io_kbytes" : 37725372,
        "bw_bytes" : 1287649775,
        "bw" : 1257470,
        "iops" : 314367.621079,
        "runtime" : 30001,
        "total_ios" : 9431343,
        "short_ios" : 0,
        "drop_ios" : 0,
        "slat_ns" : {
          "min" : 1700,
          "max" : 34509,
          "mean" : 2431.560612,
          "stddev" : 1245.144366,
          "N" : 9431343
        },
        "clat_ns" : {
          "min" : 40900,
          "max" : 8435440,
          "mean" : 99102.546606,
          "stddev" : 19601.978561,
          "N" : 9431343,
          "percentile" : {
            "1.000000" : 73216,
            "5.000000" : 85504,
            "10.000000" : 88576,
            "20.000000" : 91648,
            "30.000000" : 93696,
            "40.000000" : 95744,
            "50.000000" : 97792,
            "60.000000" : 98816,
            "70.000000" : 100864,
            "80.000000" : 103936,
            "90.000000" : 111104,
            "95.000000" : 120320,
            "99.000000" : 146432,
            "99.500000" : 156672,
            "99.900000" : 177152,
            "99.950000" : 187392,
            "99.990000" : 261120
          }
        },
        "lat_ns" : {
          "min" : 44400,
          "max" : 8440160,
          "mean" : 101534.107218,
          "stddev" : 19596.929076,
          "N" : 9431343
        },
        "bw_min" : 1236344,
        "bw_max" : 1263016,
        "bw_agg" : 100.000000,
        "bw_mean" : 1257512.266667,
        "bw_dev" : 4455.408771,
        "bw_samples" : 60,
        "iops_min" : 309086,
        "iops_max" : 315754,
        "iops_mean" : 314378.066667,
        "iops_stddev" : 1113.698615,
        "iops_samples" : 60
      },
      "write" : {
        "io_bytes" : 0,
        "io_kbytes" : 0,
        "bw_bytes" : 0,
        "bw" : 0,
        "iops" : 0.000000,
        "runtime" : 0,
        "total_ios" : 0,
        "short_ios" : 0,
        "drop_ios" : 0,
        "slat_ns" : {
          "min" : 0,
          "max" : 0,
          "mean" : 0.000000,
          "stddev" : 0.000000,
          "N" : 0
        },
        "clat_ns" : {
          "min" : 0,
          "max" : 0,
          "mean" : 0.000000,
          "stddev" : 0.000000,
          "N" : 0
        },
        "lat_ns" : {
          "min" : 0,
          "max" : 0,
          "mean" : 0.000000,
          "stddev" : 0.000000,
          "N" : 0
        },
        "bw_min" : 0,
        "bw_max" : 0,
        "bw_agg" : 0.000000,
        "bw_mean" : 0.000000,
        "bw_dev" : 0.000000,
        "bw_samples" : 0,
        "iops_min" : 0,
        "iops_max" : 0,
        "iops_mean" : 0.000000,
        "iops_stddev" : 0.000000,
        "iops_samples" : 0
      },
      "trim" : {
        "io_bytes" : 0,
        "io_kbytes" : 0,
        "bw_bytes" : 0,
        "bw" : 0,
        "iops" : 0.000000,
        "runtime" : 0,
        "total_ios" : 0,
        "short_ios" : 0,
        "drop_ios" : 0,
        "slat_ns" : {
          "min" : 0,
          "max" : 0,
          "mean" : 0.000000,
          "stddev" : 0.000000,
          "N" : 0
        },
        "clat_ns" : {
          "min" : 0,
          "max" : 0,
          "mean" : 0.000000,
          "stddev" : 0.000000,
          "N" : 0
        },
        "lat_ns" : {
          "min" : 0,
          "max" : 0,
          "mean" : 0.000000,
          "stddev" : 0.000000,
          "N" : 0
        },
        "bw_min" : 0,
        "bw_max" : 0,
        "bw_agg" : 0.000000,
        "bw_mean" : 0.000000,
        "bw_dev" : 0.000000,
        "bw_samples" : 0,
        "iops_min" : 0,
        "iops_max" : 0,
        "iops_mean" : 0.000000,
        "iops_stddev" : 0.000000,
        "iops_samples" : 0
      },
      "sync" : {
        "total_ios" : 0,
        "lat_ns" : {
          "min" : 0,
          "max" : 0,
          "mean" : 0.000000,
          "stddev" : 0.000000,
          "N" : 0
        }
      },
      "job_runtime" : 30000,
      "usr_cpu" : 13.613333,
      "sys_cpu" : 63.510000,
      "ctx" : 1197,
      "majf" : 0,
      "minf" : 40,
      "iodepth_level" : {
        "1" : 0.100000,
        "2" : 0.100000,
        "4" : 0.100000,
        "8" : 0.100000,
        "16" : 0.100000,
        "32" : 99.999671,
        ">=64" : 0.000000
      },
      "iodepth_submit" : {
        "0" : 0.000000,
        "4" : 100.000000,
        "8" : 0.000000,
        "16" : 0.000000,
        "32" : 0.000000,
        "64" : 0.000000,
        ">=64" : 0.000000
      },
      "iodepth_complete" : {
        "0" : 0.000000,
        "4" : 99.999989,
        "8" : 0.000000,
        "16" : 0.000000,
        "32" : 0.100000,
        "64" : 0.000000,
        ">=64" : 0.000000
      },
      "latency_ns" : {
        "2" : 0.000000,
        "4" : 0.000000,
        "10" : 0.000000,
        "20" : 0.000000,
        "50" : 0.000000,
        "100" : 0.000000,
        "250" : 0.000000,
        "500" : 0.000000,
        "750" : 0.000000,
        "1000" : 0.000000
      },
      "latency_us" : {
        "2" : 0.000000,
        "4" : 0.000000,
        "10" : 0.000000,
        "20" : 0.000000,
        "50" : 0.010000,
        "100" : 64.980014,
        "250" : 35.008026,
        "500" : 0.010000,
        "750" : 0.010000,
        "1000" : 0.010000
      },
      "latency_ms" : {
        "2" : 0.000000,
        "4" : 0.000000,
        "10" : 0.010000,
        "20" : 0.000000,
        "50" : 0.000000,
        "100" : 0.000000,
        "250" : 0.000000,
        "500" : 0.000000,
        "750" : 0.000000,
        "1000" : 0.000000,
        "2000" : 0.000000,
        ">=2000" : 0.000000
      },
      "latency_depth" : 32,
      "latency_target" : 0,
      "latency_percentile" : 100.000000,
      "latency_window" : 0
    }
  ],
  "disk_util" : [
    {
      "name" : "nvme0n1",
      "read_ios" : 9399275,
      "write_ios" : 56,
      "read_sectors" : 75194200,
      "write_sectors" : 1216,
      "read_merges" : 0,
      "write_merges" : 22,
      "read_ticks" : 459656,
      "write_ticks" : 33,
      "in_queue" : 459701,
      "util" : 48.549613
    }
  ]
}
