{
  "fio version" : "fio-3.39",
  "timestamp" : 1759361624,
  "timestamp_ms" : 1759361624096,
  "time" : "Wed Oct  1 19:33:44 2025",
  "jobs" : [
    {
      "jobname" : "qd_4",
      "groupid" : 0,
      "job_start" : 1759361593947,
      "error" : 0,
      "eta" : 0,
      "elapsed" : 31,
      "job options" : {
        "name" : "qd_4",
        "filename" : "testfile",
        "rw" : "randread",
        "bs" : "4k",
        "ioengine" : "libaio",
        "iodepth" : "4",
        "direct" : "1",
        "size" : "10G",
        "runtime" : "30",
        "numjobs" : "1",
        "time_based" : "",
        "group_reporting" : ""
      },
      "read" : {
        "io_bytes" : 9957421056,
        "io_kbytes" : 9724044,
        "bw_bytes" : 331902971,
        "bw" : 324123,
        "iops" : 81030.998967,
        "runtime" : 30001,
        "total_ios" : 2431011,
        "short_ios" : 0,
        "drop_ios" : 0,
        "slat_ns" : {
          "min" : 1720,
          "max" : 67809,
          "mean" : 2042.592195,
          "stddev" : 267.691206,
          "N" : 2431011
        },
        "clat_ns" : {
          "min" : 12590,
          "max" : 8422260,
          "mean" : 47120.078748,
          "stddev" : 13317.713350,
          "N" : 2431011,
          "percentile" : {
            "1.000000" : 23936,
            "5.000000" : 28032,
            "10.000000" : 41216,
            "20.000000" : 45312,
            "30.000000" : 45824,
            "40.000000" : 46848,
            "50.000000" : 47360,
            "60.000000" : 48384,
            "70.000000" : 49920,
            "80.000000" : 50944,
            "90.000000" : 53504,
            "95.000000" : 55552,
            "99.000000" : 68096,
            "99.500000" : 72192,
            "99.900000" : 79360,
            "99.950000" : 89600,
            "99.990000" : 160768
          }
        },
        "lat_ns" : {
          "min" : 19650,
          "max" : 8469319,
          "mean" : 49162.670943,
          "stddev" : 13340.418046,
          "N" : 2431011
        },
        "bw_min" : 307184,
        "bw_max" : 358600,
        "bw_agg" : 100.000000,
        "bw_mean" : 324134.800000,
        "bw_dev" : 20006.641003,
        "bw_samples" : 60,
        "iops_min" : 76796,
        "iops_max" : 89650,
        "iops_mean" : 81033.700000,
        "iops_stddev" : 5001.660251,
        "iops_samples" : 60
      },
      "write" : {
        "io_bytes" : 0,
        "io_kbytes" : 0,
        "bw_bytes" : 0,
        "bw" : 0,
        "iops" : 0.000000,
        "runtime" : 0,
        "total_ios" : 0,
        "short_ios" : 0,
        "drop_ios" : 0,
        "slat_ns" : {
          "min" : 0,
          "max" : 0,
          "mean" : 0.000000,
          "stddev" : 0.000000,
          "N" : 0
        },
        "clat_ns" : {
          "min" : 0,
          "max" : 0,
          "mean" : 0.000000,
          "stddev" : 0.000000,
          "N" : 0
        },
        "lat_ns" : {
          "min" : 0,
          "max" : 0,
          "mean" : 0.000000,
          "stddev" : 0.000000,
          "N" : 0
        },
        "bw_min" : 0,
        "bw_max" : 0,
        "bw_agg" : 0.000000,
        "bw_mean" : 0.000000,
        "bw_dev" : 0.000000,
        "bw_samples" : 0,
        "iops_min" : 0,
        "iops_max" : 0,
        "iops_mean" : 0.000000,
        "iops_stddev" : 0.000000,
        "iops_samples" : 0
      },
      "trim" : {
        "io_bytes" : 0,
        "io_kbytes" : 0,
        "bw_bytes" : 0,
        "bw" : 0,
        "iops" : 0.000000,
        "runtime" : 0,
        "total_ios" : 0,
        "short_ios" : 0,
        "drop_ios" : 0,
        "slat_ns" : {
          "min" : 0,
          "max" : 0,
          "mean" : 0.000000,
          "stddev" : 0.000000,
          "N" : 0
        },
        "clat_ns" : {
          "min" : 0,
          "max" : 0,
          "mean" : 0.000000,
          "stddev" : 0.000000,
          "N" : 0
        },
        "lat_ns" : {
          "min" : 0,
          "max" : 0,
          "mean" : 0.000000,
          "stddev" : 0.000000,
          "N" : 0
        },
        "bw_min" : 0,
        "bw_max" : 0,
        "bw_agg" : 0.000000,
        "bw_mean" : 0.000000,
        "bw_dev" : 0.000000,
        "bw_samples" : 0,
        "iops_min" : 0,
        "iops_max" : 0,
        "iops_mean" : 0.000000,
        "iops_stddev" : 0.000000,
        "iops_samples" : 0
      },
      "sync" : {
        "total_ios" : 0,
        "lat_ns" : {
          "min" : 0,
          "max" : 0,
          "mean" : 0.000000,
          "stddev" : 0.000000,
          "N" : 0
        }
      },
      "job_runtime" : 30000,
      "usr_cpu" : 3.556667,
      "sys_cpu" : 19.060000,
      "ctx" : 1242152,
      "majf" : 0,
      "minf" : 15,
      "iodepth_level" : {
        "1" : 0.100000,
        "2" : 0.100000,
        "4" : 99.999877,
        "8" : 0.000000,
        "16" : 0.000000,
        "32" : 0.000000,
        ">=64" : 0.000000
      },
      "iodepth_submit" : {
        "0" : 0.000000,
        "4" : 100.000000,
        "8" : 0.000000,
        "16" : 0.000000,
        "32" : 0.000000,
        "64" : 0.000000,
        ">=64" : 0.000000
      },
      "iodepth_complete" : {
        "0" : 0.000000,
        "4" : 100.000000,
        "8" : 0.000000,
        "16" : 0.000000,
        "32" : 0.000000,
        "64" : 0.000000,
        ">=64" : 0.000000
      },
      "latency_ns" : {
        "2" : 0.000000,
        "4" : 0.000000,
        "10" : 0.000000,
        "20" : 0.000000,
        "50" : 0.000000,
        "100" : 0.000000,
        "250" : 0.000000,
        "500" : 0.000000,
        "750" : 0.000000,
        "1000" : 0.000000
      },
      "latency_us" : {
        "2" : 0.000000,
        "4" : 0.000000,
        "10" : 0.000000,
        "20" : 0.010000,
        "50" : 72.174663,
        "100" : 27.785395,
        "250" : 0.028466,
        "500" : 0.010000,
        "750" : 0.010000,
        "1000" : 0.000000
      },
      "latency_ms" : {
        "2" : 0.000000,
        "4" : 0.000000,
        "10" : 0.010000,
        "20" : 0.000000,
        "50" : 0.000000,
        "100" : 0.000000,
        "250" : 0.000000,
        "500" : 0.000000,
        "750" : 0.000000,
        "1000" : 0.000000,
        "2000" : 0.000000,
        ">=2000" : 0.000000
      },
      "latency_depth" : 4,
      "latency_target" : 0,
      "latency_percentile" : 100.000000,
      "latency_window" : 0
    }
  ],
  "disk_util" : [
    {
      "name" : "nvme0n1",
      "read_ios" : 2423091,
      "write_ios" : 27,
      "read_sectors" : 19384728,
      "write_sectors" : 392,
      "read_merges" : 0,
      "write_merges" : 21,
      "read_ticks" : 103993,
      "write_ticks" : 25,
      "in_queue" : 104025,
      "util" : 76.743798
    }
  ]
}
