{
  "fio version" : "fio-3.39",
  "timestamp" : 1759361745,
  "timestamp_ms" : 1759361745666,
  "time" : "Wed Oct  1 19:35:45 2025",
  "jobs" : [
    {
      "jobname" : "qd_64",
      "groupid" : 0,
      "job_start" : 1759361715518,
      "error" : 0,
      "eta" : 0,
      "elapsed" : 31,
      "job options" : {
        "name" : "qd_64",
        "filename" : "testfile",
        "rw" : "randread",
        "bs" : "4k",
        "ioengine" : "libaio",
        "iodepth" : "64",
        "direct" : "1",
        "size" : "10G",
        "runtime" : "30",
        "numjobs" : "1",
        "time_based" : "",
        "group_reporting" : ""
      },
      "read" : {
        "io_bytes" : 38533877760,
        "io_kbytes" : 37630740,
        "bw_bytes" : 1284419778,
        "bw" : 1254316,
        "iops" : 313579.047365,
        "runtime" : 30001,
        "total_ios" : 9407685,
        "short_ios" : 0,
        "drop_ios" : 0,
        "slat_ns" : {
          "min" : 1690,
          "max" : 48769,
          "mean" : 2422.697178,
          "stddev" : 1235.051967,
          "N" : 9407685
        },
        "clat_ns" : {
          "min" : 80330,
          "max" : 8611428,
          "mean" : 201399.838975,
          "stddev" : 25072.370600,
          "N" : 9407685,
          "percentile" : {
            "1.000000" : 175104,
            "5.000000" : 187392,
            "10.000000" : 189440,
            "20.000000" : 193536,
            "30.000000" : 195584,
            "40.000000" : 197632,
            "50.000000" : 199680,
            "60.000000" : 201728,
            "70.000000" : 203776,
            "80.000000" : 207872,
            "90.000000" : 214016,
            "95.000000" : 222208,
            "99.000000" : 248832,
            "99.500000" : 259072,
            "99.900000" : 280576,
            "99.950000" : 292864,
            "99.990000" : 411648
          }
        },
        "lat_ns" : {
          "min" : 86130,
          "max" : 8616028,
          "mean" : 203822.536152,
          "stddev" : 25068.280357,
          "N" : 9407685
        },
        "bw_min" : 1235912,
        "bw_max" : 1261784,
        "bw_agg" : 100.000000,
        "bw_mean" : 1254357.733333,
        "bw_dev" : 3966.671208,
        "bw_samples" : 60,
        "iops_min" : 308978,
        "iops_max" : 315446,
        "iops_mean" : 313589.500000,
        "iops_stddev" : 991.679255,
        "iops_samples" : 60
      },
      "write" : {
        "io_bytes" : 0,
        "io_kbytes" : 0,
        "bw_bytes" : 0,
        "bw" : 0,
        "iops" : 0.000000,
        "runtime" : 0,
        "total_ios" : 0,
        "short_ios" : 0,
        "drop_ios" : 0,
        "slat_ns" : {
          "min" : 0,
          "max" : 0,
          "mean" : 0.000000,
          "stddev" : 0.000000,
          "N" : 0
        },
        "clat_ns" : {
          "min" : 0,
          "max" : 0,
          "mean" : 0.000000,
          "stddev" : 0.000000,
          "N" : 0
        },
        "lat_ns" : {
          "min" : 0,
          "max" : 0,
          "mean" : 0.000000,
          "stddev" : 0.000000,
          "N" : 0
        },
        "bw_min" : 0,
        "bw_max" : 0,
        "bw_agg" : 0.000000,
        "bw_mean" : 0.000000,
        "bw_dev" : 0.000000,
        "bw_samples" : 0,
        "iops_min" : 0,
        "iops_max" : 0,
        "iops_mean" : 0.000000,
        "iops_stddev" : 0.000000,
        "iops_samples" : 0
      },
      "trim" : {
        "io_bytes" : 0,
        "io_kbytes" : 0,
        "bw_bytes" : 0,
        "bw" : 0,
        "iops" : 0.000000,
        "runtime" : 0,
        "total_ios" : 0,
        "short_ios" : 0,
        "drop_ios" : 0,
        "slat_ns" : {
          "min" : 0,
          "max" : 0,
          "mean" : 0.000000,
          "stddev" : 0.000000,
          "N" : 0
        },
        "clat_ns" : {
          "min" : 0,
          "max" : 0,
          "mean" : 0.000000,
          "stddev" : 0.000000,
          "N" : 0
        },
        "lat_ns" : {
          "min" : 0,
          "max" : 0,
          "mean" : 0.000000,
          "stddev" : 0.000000,
          "N" : 0
        },
        "bw_min" : 0,
        "bw_max" : 0,
        "bw_agg" : 0.000000,
        "bw_mean" : 0.000000,
        "bw_dev" : 0.000000,
        "bw_samples" : 0,
        "iops_min" : 0,
        "iops_max" : 0,
        "iops_mean" : 0.000000,
        "iops_stddev" : 0.000000,
        "iops_samples" : 0
      },
      "sync" : {
        "total_ios" : 0,
        "lat_ns" : {
          "min" : 0,
          "max" : 0,
          "mean" : 0.000000,
          "stddev" : 0.000000,
          "N" : 0
        }
      },
      "job_runtime" : 30000,
      "usr_cpu" : 14.163333,
      "sys_cpu" : 62.940000,
      "ctx" : 839,
      "majf" : 0,
      "minf" : 76,
      "iodepth_level" : {
        "1" : 0.100000,
        "2" : 0.100000,
        "4" : 0.100000,
        "8" : 0.100000,
        "16" : 0.100000,
        "32" : 0.100000,
        ">=64" : 99.999330
      },
      "iodepth_submit" : {
        "0" : 0.000000,
        "4" : 100.000000,
        "8" : 0.000000,
        "16" : 0.000000,
        "32" : 0.000000,
        "64" : 0.000000,
        ">=64" : 0.000000
      },
      "iodepth_complete" : {
        "0" : 0.000000,
        "4" : 99.999989,
        "8" : 0.000000,
        "16" : 0.000000,
        "32" : 0.000000,
        "64" : 0.100000,
        ">=64" : 0.000000
      },
      "latency_ns" : {
        "2" : 0.000000,
        "4" : 0.000000,
        "10" : 0.000000,
        "20" : 0.000000,
        "50" : 0.000000,
        "100" : 0.000000,
        "250" : 0.000000,
        "500" : 0.000000,
        "750" : 0.000000,
        "1000" : 0.000000
      },
      "latency_us" : {
        "2" : 0.000000,
        "4" : 0.000000,
        "10" : 0.000000,
        "20" : 0.000000,
        "50" : 0.000000,
        "100" : 0.010000,
        "250" : 99.099789,
        "500" : 0.893270,
        "750" : 0.010000,
        "1000" : 0.010000
      },
      "latency_ms" : {
        "2" : 0.010000,
        "4" : 0.000000,
        "10" : 0.010000,
        "20" : 0.000000,
        "50" : 0.000000,
        "100" : 0.000000,
        "250" : 0.000000,
        "500" : 0.000000,
        "750" : 0.000000,
        "1000" : 0.000000,
        "2000" : 0.000000,
        ">=2000" : 0.000000
      },
      "latency_depth" : 64,
      "latency_target" : 0,
      "latency_percentile" : 100.000000,
      "latency_window" : 0
    }
  ],
  "disk_util" : [
    {
      "name" : "nvme0n1",
      "read_ios" : 9375769,
      "write_ios" : 9,
      "read_sectors" : 75006152,
      "write_sectors" : 224,
      "read_merges" : 0,
      "write_merges" : 18,
      "read_ticks" : 458510,
      "write_ticks" : 24,
      "in_queue" : 458542,
      "util" : 48.201247
    }
  ]
}
