{
  "fio version" : "fio-3.39",
  "timestamp" : 1759361654,
  "timestamp_ms" : 1759361654488,
  "time" : "Wed Oct  1 19:34:14 2025",
  "jobs" : [
    {
      "jobname" : "qd_8",
      "groupid" : 0,
      "job_start" : 1759361624340,
      "error" : 0,
      "eta" : 0,
      "elapsed" : 31,
      "job options" : {
        "name" : "qd_8",
        "filename" : "testfile",
        "rw" : "randread",
        "bs" : "4k",
        "ioengine" : "libaio",
        "iodepth" : "8",
        "direct" : "1",
        "size" : "10G",
        "runtime" : "30",
        "numjobs" : "1",
        "time_based" : "",
        "group_reporting" : ""
      },
      "read" : {
        "io_bytes" : 18742648832,
        "io_kbytes" : 18303368,
        "bw_bytes" : 624734136,
        "bw" : 610091,
        "iops" : 152522.982567,
        "runtime" : 30001,
        "total_ios" : 4575842,
        "short_ios" : 0,
        "drop_ios" : 0,
        "slat_ns" : {
          "min" : 1650,
          "max" : 34280,
          "mean" : 1944.008136,
          "stddev" : 530.661648,
          "N" : 4575842
        },
        "clat_ns" : {
          "min" : 8210,
          "max" : 8375360,
          "mean" : 50319.102035,
          "stddev" : 14666.177980,
          "N" : 4575842,
          "percentile" : {
            "1.000000" : 29824,
            "5.000000" : 41216,
            "10.000000" : 43264,
            "20.000000" : 45824,
            "30.000000" : 47360,
            "40.000000" : 48384,
            "50.000000" : 49408,
            "60.000000" : 50432,
            "70.000000" : 51968,
            "80.000000" : 53504,
            "90.000000" : 56576,
            "95.000000" : 62720,
            "99.000000" : 79360,
            "99.500000" : 91648,
            "99.900000" : 120320,
            "99.950000" : 127488,
            "99.990000" : 179200
          }
        },
        "lat_ns" : {
          "min" : 9970,
          "max" : 8407130,
          "mean" : 52263.110171,
          "stddev" : 14659.035799,
          "N" : 4575842
        },
        "bw_min" : 586824,
        "bw_max" : 613688,
        "bw_agg" : 100.000000,
        "bw_mean" : 610112.266667,
        "bw_dev" : 4657.868567,
        "bw_samples" : 60,
        "iops_min" : 146706,
        "iops_max" : 153422,
        "iops_mean" : 152528.066667,
        "iops_stddev" : 1164.467142,
        "iops_samples" : 60
      },
      "write" : {
        "io_bytes" : 0,
        "io_kbytes" : 0,
        "bw_bytes" : 0,
        "bw" : 0,
        "iops" : 0.000000,
        "runtime" : 0,
        "total_ios" : 0,
        "short_ios" : 0,
        "drop_ios" : 0,
        "slat_ns" : {
          "min" : 0,
          "max" : 0,
          "mean" : 0.000000,
          "stddev" : 0.000000,
          "N" : 0
        },
        "clat_ns" : {
          "min" : 0,
          "max" : 0,
          "mean" : 0.000000,
          "stddev" : 0.000000,
          "N" : 0
        },
        "lat_ns" : {
          "min" : 0,
          "max" : 0,
          "mean" : 0.000000,
          "stddev" : 0.000000,
          "N" : 0
        },
        "bw_min" : 0,
        "bw_max" : 0,
        "bw_agg" : 0.000000,
        "bw_mean" : 0.000000,
        "bw_dev" : 0.000000,
        "bw_samples" : 0,
        "iops_min" : 0,
        "iops_max" : 0,
        "iops_mean" : 0.000000,
        "iops_stddev" : 0.000000,
        "iops_samples" : 0
      },
      "trim" : {
        "io_bytes" : 0,
        "io_kbytes" : 0,
        "bw_bytes" : 0,
        "bw" : 0,
        "iops" : 0.000000,
        "runtime" : 0,
        "total_ios" : 0,
        "short_ios" : 0,
        "drop_ios" : 0,
        "slat_ns" : {
          "min" : 0,
          "max" : 0,
          "mean" : 0.000000,
          "stddev" : 0.000000,
          "N" : 0
        },
        "clat_ns" : {
          "min" : 0,
          "max" : 0,
          "mean" : 0.000000,
          "stddev" : 0.000000,
          "N" : 0
        },
        "lat_ns" : {
          "min" : 0,
          "max" : 0,
          "mean" : 0.000000,
          "stddev" : 0.000000,
          "N" : 0
        },
        "bw_min" : 0,
        "bw_max" : 0,
        "bw_agg" : 0.000000,
        "bw_mean" : 0.000000,
        "bw_dev" : 0.000000,
        "bw_samples" : 0,
        "iops_min" : 0,
        "iops_max" : 0,
        "iops_mean" : 0.000000,
        "iops_stddev" : 0.000000,
        "iops_samples" : 0
      },
      "sync" : {
        "total_ios" : 0,
        "lat_ns" : {
          "min" : 0,
          "max" : 0,
          "mean" : 0.000000,
          "stddev" : 0.000000,
          "N" : 0
        }
      },
      "job_runtime" : 30000,
      "usr_cpu" : 5.786667,
      "sys_cpu" : 31.680000,
      "ctx" : 1545318,
      "majf" : 0,
      "minf" : 21,
      "iodepth_level" : {
        "1" : 0.100000,
        "2" : 0.100000,
        "4" : 0.100000,
        "8" : 99.999847,
        "16" : 0.000000,
        "32" : 0.000000,
        ">=64" : 0.000000
      },
      "iodepth_submit" : {
        "0" : 0.000000,
        "4" : 100.000000,
        "8" : 0.000000,
        "16" : 0.000000,
        "32" : 0.000000,
        "64" : 0.000000,
        ">=64" : 0.000000
      },
      "iodepth_complete" : {
        "0" : 0.000000,
        "4" : 99.999978,
        "8" : 0.100000,
        "16" : 0.000000,
        "32" : 0.000000,
        "64" : 0.000000,
        ">=64" : 0.000000
      },
      "latency_ns" : {
        "2" : 0.000000,
        "4" : 0.000000,
        "10" : 0.000000,
        "20" : 0.000000,
        "50" : 0.000000,
        "100" : 0.000000,
        "250" : 0.000000,
        "500" : 0.000000,
        "750" : 0.000000,
        "1000" : 0.000000
      },
      "latency_us" : {
        "2" : 0.000000,
        "4" : 0.000000,
        "10" : 0.010000,
        "20" : 0.023952,
        "50" : 53.844844,
        "100" : 45.840132,
        "250" : 0.287532,
        "500" : 0.010000,
        "750" : 0.010000,
        "1000" : 0.010000
      },
      "latency_ms" : {
        "2" : 0.000000,
        "4" : 0.010000,
        "10" : 0.010000,
        "20" : 0.000000,
        "50" : 0.000000,
        "100" : 0.000000,
        "250" : 0.000000,
        "500" : 0.000000,
        "750" : 0.000000,
        "1000" : 0.000000,
        "2000" : 0.000000,
        ">=2000" : 0.000000
      },
      "latency_depth" : 8,
      "latency_target" : 0,
      "latency_percentile" : 100.000000,
      "latency_window" : 0
    }
  ],
  "disk_util" : [
    {
      "name" : "nvme0n1",
      "read_ios" : 4560188,
      "write_ios" : 21,
      "read_sectors" : 36481504,
      "write_sectors" : 352,
      "read_merges" : 0,
      "write_merges" : 22,
      "read_ticks" : 206230,
      "write_ticks" : 29,
      "in_queue" : 206266,
      "util" : 69.145105
    }
  ]
}
